2.015000000000000000e+03,3.999297599491279129e+02,1.850000000000000000e+03,2.843138412356167350e+02,1.850000000000000000e+03,2.843141349904305457e+02,2.015000000000000000e+03,1.173743028035485025e+00,2.015000000000000000e+03,9.243482544463997863e-01,2.015000000000000000e+03,1.495961654013167941e+00,2.015000000000000000e+03,8.049927097875515969e+00,2.015000000000000000e+03,8.036031650256878933e+00,2.015000000000000000e+03,8.064814610496259917e+00,2.015000000000000000e+03,2.437270779903730311e+00,2.015000000000000000e+03,1.686793592509473916e+00,2.015000000000000000e+03,2.856534505737418961e+00,2.015000000000000000e+03,3.209220435011113537e+00,2.015000000000000000e+03,-2.755459894809491939e+00,2.015000000000000000e+03,7.412773842239428923e+00
2.016000000000000000e+03,4.026090407278314842e+02,1.851000000000000000e+03,2.845506802290653923e+02,1.851000000000000000e+03,2.845505666402569318e+02,2.016000000000000000e+03,1.197370739823911068e+00,2.016000000000000000e+03,9.689119975122011397e-01,2.016000000000000000e+03,1.429922449503131299e+00,2.016000000000000000e+03,8.047876652359514438e+00,2.016000000000000000e+03,8.033613509017872190e+00,2.016000000000000000e+03,8.062181475841216027e+00,2.016000000000000000e+03,2.498766385376414600e+00,2.016000000000000000e+03,1.831425220337826953e+00,2.016000000000000000e+03,2.839430291646294346e+00,2.016000000000000000e+03,2.531662036930250714e+00,2.016000000000000000e+03,-2.909742600987254235e+00,2.016000000000000000e+03,7.977474648383243050e+00
2.017000000000000000e+03,4.055190519790286885e+02,1.852000000000000000e+03,2.846592964518252984e+02,1.852000000000000000e+03,2.848026882855532449e+02,2.017000000000000000e+03,1.258886285565183671e+00,2.017000000000000000e+03,1.087101240733603591e+00,2.017000000000000000e+03,1.497446527956741713e+00,2.017000000000000000e+03,8.045484049468228704e+00,2.017000000000000000e+03,8.030931482514990449e+00,2.017000000000000000e+03,8.060721943440231740e+00,2.017000000000000000e+03,2.581257971268649420e+00,2.017000000000000000e+03,1.848264573229733587e+00,2.017000000000000000e+03,3.127301361055601081e+00,2.017000000000000000e+03,3.809863995616533217e+00,2.017000000000000000e+03,1.117136093573241062e-01,2.017000000000000000e+03,9.372512178704248242e+00
2.018000000000000000e+03,4.084480926017154729e+02,1.853000000000000000e+03,2.848603738719011176e+02,1.853000000000000000e+03,2.850544620037222785e+02,2.018000000000000000e+03,1.282761753771314295e+00,2.018000000000000000e+03,1.021108583167624539e+00,2.018000000000000000e+03,1.518559841918105224e+00,2.018000000000000000e+03,8.043062075282412238e+00,2.018000000000000000e+03,8.029137850980774260e+00,2.018000000000000000e+03,8.058282741406445737e+00,2.018000000000000000e+03,2.622632958853182927e+00,2.018000000000000000e+03,1.937238046471395858e+00,2.018000000000000000e+03,3.120610739597436734e+00,2.018000000000000000e+03,2.898159429082109551e+00,2.018000000000000000e+03,8.952716532889439804e-01,2.018000000000000000e+03,5.914089259271542609e+00
2.019000000000000000e+03,4.115751843131145620e+02,1.854000000000000000e+03,2.850550381336494183e+02,1.854000000000000000e+03,2.852780783903630777e+02,2.019000000000000000e+03,1.301609089493089400e+00,2.019000000000000000e+03,1.079194134968030738e+00,2.019000000000000000e+03,1.616453489514353636e+00,2.019000000000000000e+03,8.040327101113415864e+00,2.019000000000000000e+03,8.026409942472195524e+00,2.019000000000000000e+03,8.055551229958847870e+00,2.019000000000000000e+03,2.591269137754920404e+00,2.019000000000000000e+03,1.986979957083177872e+00,2.019000000000000000e+03,3.041743209849077534e+00,2.019000000000000000e+03,2.202811733304703701e+00,2.019000000000000000e+03,-3.126577252127519024e+00,2.019000000000000000e+03,6.624319417364354479e+00
2.020000000000000000e+03,4.147681552131963372e+02,1.855000000000000000e+03,2.852779251154247504e+02,1.855000000000000000e+03,2.854222975857891242e+02,2.020000000000000000e+03,1.311154594296184417e+00,2.020000000000000000e+03,1.087732560002926396e+00,2.020000000000000000e+03,1.569328046060003423e+00,2.020000000000000000e+03,8.037912895308721772e+00,2.020000000000000000e+03,8.023686674383158746e+00,2.020000000000000000e+03,8.052901161178088074e+00,2.020000000000000000e+03,2.694020543491552289e+00,2.020000000000000000e+03,2.006606393145856870e+00,2.020000000000000000e+03,3.143736941021973763e+00,2.020000000000000000e+03,3.372206757208662253e+00,2.020000000000000000e+03,-3.392477953626185982e+00,2.020000000000000000e+03,7.999232128179147416e+00
2.021000000000000000e+03,4.180917322448946152e+02,1.856000000000000000e+03,2.854511129203882547e+02,1.856000000000000000e+03,2.855879037003979874e+02,2.021000000000000000e+03,1.339750909104547638e+00,2.021000000000000000e+03,1.085571221986108004e+00,2.021000000000000000e+03,1.542549836746379910e+00,2.021000000000000000e+03,8.035521990063436704e+00,2.021000000000000000e+03,8.021268730463781083e+00,2.021000000000000000e+03,8.051468204939100204e+00,2.021000000000000000e+03,2.755920754365792646e+00,2.021000000000000000e+03,1.891324429672835317e+00,2.021000000000000000e+03,3.238125464722966917e+00,2.021000000000000000e+03,3.321179404530831381e+00,2.021000000000000000e+03,-4.530986963732002160e-01,2.021000000000000000e+03,6.770208388590605253e+00
2.022000000000000000e+03,4.214519114734072787e+02,1.857000000000000000e+03,2.855917992660970413e+02,1.857000000000000000e+03,2.857894766357973140e+02,2.022000000000000000e+03,1.368175660069188115e+00,2.022000000000000000e+03,1.111888582351106214e+00,2.022000000000000000e+03,1.720452202945504716e+00,2.022000000000000000e+03,8.033131084818151635e+00,2.022000000000000000e+03,8.018512115773026139e+00,2.022000000000000000e+03,8.049010626116423595e+00,2.022000000000000000e+03,2.838040462557275490e+00,2.022000000000000000e+03,2.010096677264499032e+00,2.022000000000000000e+03,3.341721245826599684e+00,2.022000000000000000e+03,3.947893708749480091e+00,2.022000000000000000e+03,4.181831777217608903e-01,2.022000000000000000e+03,8.363320306162561835e+00
2.023000000000000000e+03,4.248904834284148251e+02,1.858000000000000000e+03,2.857323369899112322e+02,1.858000000000000000e+03,2.859554385459873629e+02,2.023000000000000000e+03,1.382328288992789034e+00,2.023000000000000000e+03,1.049198339893661958e+00,2.023000000000000000e+03,1.793138817881352987e+00,2.023000000000000000e+03,8.030038830552852502e+00,2.023000000000000000e+03,8.015743461707799611e+00,2.023000000000000000e+03,8.045923762228776255e+00,2.023000000000000000e+03,2.828464780990624483e+00,2.023000000000000000e+03,1.925473651046515799e+00,2.023000000000000000e+03,3.321483839185665587e+00,2.023000000000000000e+03,4.121767729332116659e+00,2.023000000000000000e+03,6.240365662354268039e-01,2.023000000000000000e+03,7.929036358123532580e+00
2.024000000000000000e+03,4.284159825005285711e+02,1.859000000000000000e+03,2.858403426897835971e+02,1.859000000000000000e+03,2.861495587105039817e+02,2.024000000000000000e+03,1.401437564810796621e+00,2.024000000000000000e+03,9.872229672815572288e-01,2.024000000000000000e+03,1.824285457674017064e+00,2.024000000000000000e+03,8.026947891405583846e+00,2.024000000000000000e+03,8.012366235816060112e+00,2.024000000000000000e+03,8.042909205206006718e+00,2.024000000000000000e+03,2.859651128825901889e+00,2.024000000000000000e+03,1.846549656252735927e+00,2.024000000000000000e+03,3.415934836239089112e+00,2.024000000000000000e+03,3.382733470033035150e+00,2.024000000000000000e+03,-1.060046594953130361e+00,2.024000000000000000e+03,8.719123172448250969e+00
2.025000000000000000e+03,4.319703664098018407e+02,1.860000000000000000e+03,2.859555993414965087e+02,1.860000000000000000e+03,2.862903268645559933e+02,2.025000000000000000e+03,1.448944835339843307e+00,2.025000000000000000e+03,1.167245586537718260e+00,2.025000000000000000e+03,1.895531514118072192e+00,2.025000000000000000e+03,8.024562496634496611e+00,2.025000000000000000e+03,8.009687777200964476e+00,2.025000000000000000e+03,8.040782081777734902e+00,2.025000000000000000e+03,3.188276473340836414e+00,2.025000000000000000e+03,2.192150513504910414e+00,2.025000000000000000e+03,4.695809231105200432e+00,2.025000000000000000e+03,2.478528780581891411e+00,2.025000000000000000e+03,-3.629447194077707550e+00,2.025000000000000000e+03,7.927858662669549084e+00
2.026000000000000000e+03,4.356106658760813843e+02,1.861000000000000000e+03,2.860995992166880910e+02,1.861000000000000000e+03,2.864308352770985948e+02,2.026000000000000000e+03,1.539242742785518869e+00,2.026000000000000000e+03,1.278588880184184262e+00,2.026000000000000000e+03,2.015060186455069680e+00,2.026000000000000000e+03,8.021822810033642170e+00,2.026000000000000000e+03,8.007884933351013146e+00,2.026000000000000000e+03,8.037673769622998066e+00,2.026000000000000000e+03,3.085699125953580424e+00,2.026000000000000000e+03,2.233643128168957048e+00,2.026000000000000000e+03,3.536365833057127706e+00,2.026000000000000000e+03,3.464349031676499102e+00,2.026000000000000000e+03,-2.376333323225821026e+00,2.026000000000000000e+03,8.092218215639084278e+00
2.027000000000000000e+03,4.392975208808375669e+02,1.862000000000000000e+03,2.862078034711012720e+02,1.862000000000000000e+03,2.866036442303516196e+02,2.027000000000000000e+03,1.572203960622764241e+00,2.027000000000000000e+03,1.344705910269435423e+00,2.027000000000000000e+03,1.972660934036659430e+00,2.027000000000000000e+03,8.018389105729390565e+00,2.027000000000000000e+03,8.005075806705439945e+00,2.027000000000000000e+03,8.034284294556179873e+00,2.027000000000000000e+03,3.095507130746951052e+00,2.027000000000000000e+03,2.518662915537301483e+00,2.027000000000000000e+03,3.517522839103338850e+00,2.027000000000000000e+03,3.763184479964662099e+00,2.027000000000000000e+03,7.855990631478881880e-02,2.027000000000000000e+03,8.749417545687920850e+00
2.028000000000000000e+03,4.430544502993379865e+02,1.863000000000000000e+03,2.862655199042854406e+02,1.863000000000000000e+03,2.867691884936311908e+02,2.028000000000000000e+03,1.577114216916000622e+00,2.028000000000000000e+03,1.279311270531980460e+00,2.028000000000000000e+03,2.102248222307402603e+00,2.028000000000000000e+03,8.015278301218588197e+00,2.028000000000000000e+03,8.001655018044681711e+00,2.028000000000000000e+03,8.031551914901372768e+00,2.028000000000000000e+03,3.147102748201251021e+00,2.028000000000000000e+03,2.366211236593037892e+00,2.028000000000000000e+03,3.642162306701894448e+00,2.028000000000000000e+03,4.164206871978141322e+00,2.028000000000000000e+03,-6.688470027128391449e-01,2.028000000000000000e+03,9.830093226742103951e+00
2.029000000000000000e+03,4.468910324083962564e+02,1.864000000000000000e+03,2.862657284094730699e+02,1.864000000000000000e+03,2.869707955701757101e+02,2.029000000000000000e+03,1.543927437367027755e+00,2.029000000000000000e+03,1.170058049474724804e+00,2.029000000000000000e+03,2.011704465836630096e+00,2.029000000000000000e+03,8.012569615314770743e+00,2.029000000000000000e+03,7.998308555005543496e+00,2.029000000000000000e+03,8.028768954995861407e+00,2.029000000000000000e+03,3.147273767432400060e+00,2.029000000000000000e+03,2.240477307207433988e+00,2.029000000000000000e+03,3.657451327060638580e+00,2.029000000000000000e+03,3.743021099757469994e+00,2.029000000000000000e+03,-1.717547635113835458e+00,2.029000000000000000e+03,9.552970542588955283e+00
2.030000000000000000e+03,4.508063859023409350e+02,1.865000000000000000e+03,2.862944124199531188e+02,1.865000000000000000e+03,2.871363765108946495e+02,2.030000000000000000e+03,1.563033560060709704e+00,2.030000000000000000e+03,1.131461775985180607e+00,2.030000000000000000e+03,2.049901774399414567e+00,2.030000000000000000e+03,8.009469107113774911e+00,2.030000000000000000e+03,7.995843110515530761e+00,2.030000000000000000e+03,8.025668628964291784e+00,2.030000000000000000e+03,3.250107508232050524e+00,2.030000000000000000e+03,2.256680436886850938e+00,2.030000000000000000e+03,3.751179692543630484e+00,2.030000000000000000e+03,4.893719403424729109e+00,2.030000000000000000e+03,2.135749004990921129e+00,2.030000000000000000e+03,8.946544507365564058e+00
2.031000000000000000e+03,4.547597827544203710e+02,1.866000000000000000e+03,2.863232344143684713e+02,1.866000000000000000e+03,2.872805897428053186e+02,2.031000000000000000e+03,1.624822004680467558e+00,2.031000000000000000e+03,1.282352804912202604e+00,2.031000000000000000e+03,2.209360009332875130e+00,2.031000000000000000e+03,8.006048370764224487e+00,2.031000000000000000e+03,7.992362546939611789e+00,2.031000000000000000e+03,8.022308239835222565e+00,2.031000000000000000e+03,3.372876217987701430e+00,2.031000000000000000e+03,2.714640670757700658e+00,2.031000000000000000e+03,3.982210563606318310e+00,2.031000000000000000e+03,3.354108154484357840e+00,2.031000000000000000e+03,-2.944610022841674724e+00,2.031000000000000000e+03,9.613422859852844837e+00
2.032000000000000000e+03,4.588194595357566641e+02,1.867000000000000000e+03,2.864023366086349256e+02,1.867000000000000000e+03,2.873314509959154748e+02,2.032000000000000000e+03,1.686330797593699637e+00,2.032000000000000000e+03,1.406882705293343028e+00,2.032000000000000000e+03,2.206871676761780865e+00,2.032000000000000000e+03,8.002627516552779596e+00,2.032000000000000000e+03,7.988370149364302009e+00,2.032000000000000000e+03,8.019859865799427112e+00,2.032000000000000000e+03,3.435357770211747486e+00,2.032000000000000000e+03,2.573357862134918683e+00,2.032000000000000000e+03,3.879076097404665191e+00,2.032000000000000000e+03,3.793756830898125543e+00,2.032000000000000000e+03,7.844501784289135138e-01,2.032000000000000000e+03,7.038675971349554139e+00
2.033000000000000000e+03,4.628800355064494170e+02,1.868000000000000000e+03,2.864599472600089598e+02,1.868000000000000000e+03,2.874463292003892434e+02,2.033000000000000000e+03,1.705442986049999332e+00,2.033000000000000000e+03,1.410617136015310358e+00,2.033000000000000000e+03,2.131271795755358855e+00,2.033000000000000000e+03,7.999519490442847491e+00,2.033000000000000000e+03,7.985854131378639309e+00,2.033000000000000000e+03,8.016713772950023298e+00,2.033000000000000000e+03,3.486534872464884582e+00,2.033000000000000000e+03,2.729658484115237371e+00,2.033000000000000000e+03,4.008815669351326605e+00,2.033000000000000000e+03,5.323833083714962555e+00,2.033000000000000000e+03,2.786613830701011096e+00,2.033000000000000000e+03,8.699140747208524260e+00
2.034000000000000000e+03,4.669992894480980681e+02,1.869000000000000000e+03,2.865462961663104124e+02,1.869000000000000000e+03,2.875329260435465812e+02,2.034000000000000000e+03,1.714993662895230919e+00,2.034000000000000000e+03,1.350677157609071699e+00,2.034000000000000000e+03,2.298073401126674131e+00,2.034000000000000000e+03,7.996420298320900955e+00,2.034000000000000000e+03,7.982122306760624397e+00,2.034000000000000000e+03,8.012982780893691981e+00,2.034000000000000000e+03,3.435400316368490969e+00,2.034000000000000000e+03,2.771733304467116632e+00,2.034000000000000000e+03,3.849233265825704908e+00,2.034000000000000000e+03,4.711458264817595776e+00,2.034000000000000000e+03,-4.916235502294137305e-01,2.034000000000000000e+03,1.244983049159352717e+01
2.035000000000000000e+03,4.712027275638003516e+02,1.870000000000000000e+03,2.866327627732346173e+02,1.870000000000000000e+03,2.876696275484912348e+02,2.035000000000000000e+03,1.738780108781147415e+00,2.035000000000000000e+03,1.423517708936901105e+00,2.035000000000000000e+03,2.349157034708734493e+00,2.035000000000000000e+03,7.992662305806844891e+00,2.035000000000000000e+03,7.978715270497320766e+00,2.035000000000000000e+03,8.009610628306264246e+00,2.035000000000000000e+03,3.414278817915907371e+00,2.035000000000000000e+03,2.701114988490489921e+00,2.035000000000000000e+03,3.892191766672362885e+00,2.035000000000000000e+03,5.541695025233396521e+00,2.035000000000000000e+03,1.535614029268265179e-01,2.035000000000000000e+03,1.310004950585562611e+01
2.036000000000000000e+03,4.754314966645539471e+02,1.871000000000000000e+03,2.867119135737926854e+02,1.871000000000000000e+03,2.877848007055151243e+02,2.036000000000000000e+03,1.805270477402804774e+00,2.036000000000000000e+03,1.348781910400296713e+00,2.036000000000000000e+03,2.449684154908493117e+00,2.036000000000000000e+03,7.989576015505542195e+00,2.036000000000000000e+03,7.975624252979076623e+00,2.036000000000000000e+03,8.006805445952393185e+00,2.036000000000000000e+03,3.394100193682217270e+00,2.036000000000000000e+03,2.649179098803887467e+00,2.036000000000000000e+03,4.078793973040164111e+00,2.036000000000000000e+03,4.751982151115333508e+00,2.036000000000000000e+03,-1.046678507454730234e+00,2.036000000000000000e+03,1.564597253151339373e+01
2.037000000000000000e+03,4.797219229777746250e+02,1.872000000000000000e+03,2.868270967070673123e+02,1.872000000000000000e+03,2.879216604201720315e+02,2.037000000000000000e+03,1.862444305623291774e+00,2.037000000000000000e+03,1.471156312518830500e+00,2.037000000000000000e+03,2.556714007667590938e+00,2.037000000000000000e+03,7.986143422725763941e+00,2.037000000000000000e+03,7.972533079709572590e+00,2.037000000000000000e+03,8.003413215052747276e+00,2.037000000000000000e+03,3.445673359358025767e+00,2.037000000000000000e+03,2.596115509212195693e+00,2.037000000000000000e+03,4.032192130878143210e+00,2.037000000000000000e+03,4.330470729365000437e+00,2.037000000000000000e+03,-1.048872444864105580e+00,2.037000000000000000e+03,8.537020595328227657e+00
2.038000000000000000e+03,4.840437900564249389e+02,1.873000000000000000e+03,2.869711116649616542e+02,1.873000000000000000e+03,2.881231691979173206e+02,2.038000000000000000e+03,1.895474503133211863e+00,2.038000000000000000e+03,1.502365916327716988e+00,2.038000000000000000e+03,2.568483763909990891e+00,2.038000000000000000e+03,7.983397764154317677e+00,2.038000000000000000e+03,7.969461751983185849e+00,2.038000000000000000e+03,8.000602719843319832e+00,2.038000000000000000e+03,3.507370155258263900e+00,2.038000000000000000e+03,2.661036001347489410e+00,2.038000000000000000e+03,4.199337477050848477e+00,2.038000000000000000e+03,4.023051800042892978e+00,2.038000000000000000e+03,3.104188614740034310e-02,2.038000000000000000e+03,1.002447640891032421e+01
2.039000000000000000e+03,4.884452751360597631e+02,1.874000000000000000e+03,2.871078088280527254e+02,1.874000000000000000e+03,2.883174182376964723e+02,2.039000000000000000e+03,1.919231832588155218e+00,2.039000000000000000e+03,1.399613657694827040e+00,2.039000000000000000e+03,2.608733957153152705e+00,2.039000000000000000e+03,7.980321662487950718e+00,2.039000000000000000e+03,7.966347644208895851e+00,2.039000000000000000e+03,7.996869056705915746e+00,2.039000000000000000e+03,3.692543292260230814e+00,2.039000000000000000e+03,2.765848469016214839e+00,2.039000000000000000e+03,4.591261607300900494e+00,2.039000000000000000e+03,4.979657911807170656e+00,2.039000000000000000e+03,2.307579204763955949e-01,2.039000000000000000e+03,9.515285246924232609e+00
2.040000000000000000e+03,4.929222960345470597e+02,1.875000000000000000e+03,2.871657710114254769e+02,1.875000000000000000e+03,2.885442462591201433e+02,2.040000000000000000e+03,1.924026614035028615e+00,2.040000000000000000e+03,1.444928903493635231e+00,2.040000000000000000e+03,2.619266756695489917e+00,2.040000000000000000e+03,7.976555180855553928e+00,2.040000000000000000e+03,7.962906228766018835e+00,2.040000000000000000e+03,7.993499942484098675e+00,2.040000000000000000e+03,3.641108336649165000e+00,2.040000000000000000e+03,2.895240362918128252e+00,2.040000000000000000e+03,4.115790479247811717e+00,2.040000000000000000e+03,6.066123107205566356e+00,2.040000000000000000e+03,2.273100223167705547e+00,2.040000000000000000e+03,1.116322533739482026e+01
2.041000000000000000e+03,4.974125094530078854e+02,1.876000000000000000e+03,2.872521360667369095e+02,1.876000000000000000e+03,2.887712213870735809e+02,2.041000000000000000e+03,1.952401426127517103e+00,2.041000000000000000e+03,1.579961500971402311e+00,2.041000000000000000e+03,2.637908619431525103e+00,2.041000000000000000e+03,7.973464241708285272e+00,2.041000000000000000e+03,7.959144964701259539e+00,2.041000000000000000e+03,7.990710135594086161e+00,2.041000000000000000e+03,3.671533111404802430e+00,2.041000000000000000e+03,2.956877773333473680e+00,2.041000000000000000e+03,4.273616844164062734e+00,2.041000000000000000e+03,5.131155119010212040e+00,2.041000000000000000e+03,2.436402949477593172e+00,2.041000000000000000e+03,8.678946530550369687e+00
2.042000000000000000e+03,5.019792391317018883e+02,1.877000000000000000e+03,2.873313195699446965e+02,1.877000000000000000e+03,2.889656410661188488e+02,2.042000000000000000e+03,1.990277642218624354e+00,2.042000000000000000e+03,1.618362429207643283e+00,2.042000000000000000e+03,2.596882544778705615e+00,2.042000000000000000e+03,7.970033082105937083e+00,2.042000000000000000e+03,7.955464374667048588e+00,2.042000000000000000e+03,7.987245305391463823e+00,2.042000000000000000e+03,3.651437574717545154e+00,2.042000000000000000e+03,2.896169670832162257e+00,2.042000000000000000e+03,4.326145019020875893e+00,2.042000000000000000e+03,5.264306493409502963e+00,2.042000000000000000e+03,-8.936478106562812940e-01,2.042000000000000000e+03,1.074451911958222539e+01
2.043000000000000000e+03,5.066089743986370308e+02,1.878000000000000000e+03,2.874177585147911032e+02,1.878000000000000000e+03,2.891350779881694848e+02,2.043000000000000000e+03,2.038045702519245772e+00,2.043000000000000000e+03,1.655591358672338309e+00,2.043000000000000000e+03,2.641436974202736820e+00,2.043000000000000000e+03,7.966939098557040744e+00,2.043000000000000000e+03,7.953285363528386220e+00,2.043000000000000000e+03,7.983510997800485676e+00,2.043000000000000000e+03,3.702529652058307530e+00,2.043000000000000000e+03,2.966850719050706520e+00,2.043000000000000000e+03,4.152367272919153862e+00,2.043000000000000000e+03,4.579208615477297073e+00,2.043000000000000000e+03,-8.583360737370346882e-01,2.043000000000000000e+03,1.019652389265566406e+01
2.044000000000000000e+03,5.112627366387931147e+02,1.879000000000000000e+03,2.875042251217150238e+02,1.879000000000000000e+03,2.893044086391825545e+02,2.044000000000000000e+03,2.028935893885118968e+00,2.044000000000000000e+03,1.618446888288181729e+00,2.044000000000000000e+03,2.718474715988268287e+00,2.044000000000000000e+03,7.963514627953593994e+00,2.044000000000000000e+03,7.949464283597659886e+00,2.044000000000000000e+03,7.980431899608154467e+00,2.044000000000000000e+03,3.722640804518260182e+00,2.044000000000000000e+03,2.895238069957100091e+00,2.044000000000000000e+03,4.267516863149417361e+00,2.044000000000000000e+03,5.953316746232131251e+00,2.044000000000000000e+03,1.337220621034851842e+00,2.044000000000000000e+03,1.290166905323695978e+01
2.045000000000000000e+03,5.159754723104301775e+02,1.880000000000000000e+03,2.875905472372629106e+02,1.880000000000000000e+03,2.894985516156905874e+02,2.045000000000000000e+03,2.104744022073717691e+00,2.045000000000000000e+03,1.542122895523752701e+00,2.045000000000000000e+03,2.924936584649909133e+00,2.045000000000000000e+03,7.959752076613195726e+00,2.045000000000000000e+03,7.945025490751791430e+00,2.045000000000000000e+03,7.977303203771219486e+00,2.045000000000000000e+03,3.856808609396401355e+00,2.045000000000000000e+03,2.969863232527750974e+00,2.045000000000000000e+03,4.526472701011829969e+00,2.045000000000000000e+03,5.664949368481726921e+00,2.045000000000000000e+03,1.438623752418560331e+00,2.045000000000000000e+03,1.091970336594673618e+01
2.046000000000000000e+03,5.207449123100466295e+02,1.881000000000000000e+03,2.877021558756146646e+02,1.881000000000000000e+03,2.896967284696369234e+02,2.046000000000000000e+03,2.171215053403741990e+00,2.046000000000000000e+03,1.650495018469009478e+00,2.046000000000000000e+03,2.964908720407025022e+00,2.046000000000000000e+03,7.955989525272797458e+00,2.046000000000000000e+03,7.941089942465496598e+00,2.046000000000000000e+03,7.973566532355984116e+00,2.046000000000000000e+03,3.898156420938087230e+00,2.046000000000000000e+03,3.080572524939261037e+00,2.046000000000000000e+03,4.533930835932275194e+00,2.046000000000000000e+03,3.568505591757998641e+00,2.046000000000000000e+03,-2.158344972660878991e+00,2.046000000000000000e+03,9.902346129018820164e+00
2.047000000000000000e+03,5.255712170175680740e+02,1.882000000000000000e+03,2.878138653483902658e+02,1.882000000000000000e+03,2.898949229441966509e+02,2.047000000000000000e+03,2.175763590005838299e+00,2.047000000000000000e+03,1.746768364879028645e+00,2.047000000000000000e+03,2.915616057225661972e+00,2.047000000000000000e+03,7.952886928681472511e+00,2.047000000000000000e+03,7.939241051300587770e+00,2.047000000000000000e+03,7.970421994079680772e+00,2.047000000000000000e+03,3.836051948893914876e+00,2.047000000000000000e+03,3.145889848654717103e+00,2.047000000000000000e+03,4.513872117328562084e+00,2.047000000000000000e+03,4.533806604015910402e+00,2.047000000000000000e+03,-3.474601869882303351e+00,2.047000000000000000e+03,1.221373195795087696e+01
2.048000000000000000e+03,5.304400687641616514e+02,1.883000000000000000e+03,2.879002519834260738e+02,1.883000000000000000e+03,2.900891590363944488e+02,2.048000000000000000e+03,2.213817182527265892e+00,2.048000000000000000e+03,1.792339590430354512e+00,2.048000000000000000e+03,3.025218264971864635e+00,2.048000000000000000e+03,7.949446966494867262e+00,2.048000000000000000e+03,7.935720472404880432e+00,2.048000000000000000e+03,7.966693611026512301e+00,2.048000000000000000e+03,3.866784571096240963e+00,2.048000000000000000e+03,3.119095635644196562e+00,2.048000000000000000e+03,4.623515009326105485e+00,2.048000000000000000e+03,5.662204120066832935e+00,2.048000000000000000e+03,-4.510663784781004382e-01,2.048000000000000000e+03,1.293826506576967894e+01
2.049000000000000000e+03,5.353558962856606058e+02,1.884000000000000000e+03,2.879508249493340486e+02,1.884000000000000000e+03,2.903124089187787149e+02,2.049000000000000000e+03,2.280085068546311877e+00,2.049000000000000000e+03,1.873506874622450136e+00,2.049000000000000000e+03,3.147156937365600538e+00,2.049000000000000000e+03,7.945677589934486917e+00,2.049000000000000000e+03,7.930970786459591970e+00,2.049000000000000000e+03,7.963234734273693327e+00,2.049000000000000000e+03,3.826000578005121167e+00,2.049000000000000000e+03,3.009525291417126436e+00,2.049000000000000000e+03,4.539767573324652083e+00,2.049000000000000000e+03,3.835592515896614874e+00,2.049000000000000000e+03,3.089982978079977571e-01,2.049000000000000000e+03,8.546417175694353219e+00
2.050000000000000000e+03,5.403483648651173326e+02,1.885000000000000000e+03,2.879222956719828517e+02,1.885000000000000000e+03,2.906215396499074473e+02,2.050000000000000000e+03,2.294617396378442198e+00,2.050000000000000000e+03,1.895803472550287694e+00,2.050000000000000000e+03,3.292933352457765750e+00,2.050000000000000000e+03,7.942255530876749070e+00,2.050000000000000000e+03,7.926972319192459260e+00,2.050000000000000000e+03,7.959523009077620337e+00,2.050000000000000000e+03,3.815728706848603657e+00,2.050000000000000000e+03,2.962662769713963140e+00,2.050000000000000000e+03,4.346471724957527982e+00,2.050000000000000000e+03,5.243947449804392313e+00,2.050000000000000000e+03,9.041905390275699617e-01,2.050000000000000000e+03,1.223618324329586926e+01
2.051000000000000000e+03,5.453711074236098284e+02,1.886000000000000000e+03,2.879508873993437987e+02,1.886000000000000000e+03,2.909098567757930596e+02,2.051000000000000000e+03,2.356097740640819893e+00,2.051000000000000000e+03,1.897887061192103930e+00,2.051000000000000000e+03,3.176221566352039005e+00,2.051000000000000000e+03,7.938833471819010335e+00,2.051000000000000000e+03,7.924209661135682481e+00,2.051000000000000000e+03,7.956353505210128851e+00,2.051000000000000000e+03,3.857136388370691282e+00,2.051000000000000000e+03,2.985462297089781281e+00,2.051000000000000000e+03,4.702501198025211160e+00,2.051000000000000000e+03,5.233852645042267326e+00,2.051000000000000000e+03,5.859106782749619047e-01,2.051000000000000000e+03,1.265792210098271653e+01
2.052000000000000000e+03,5.504540258594703346e+02,1.887000000000000000e+03,2.879509883695666304e+02,1.887000000000000000e+03,2.910760703305085713e+02,2.052000000000000000e+03,2.379786047851455422e+00,2.052000000000000000e+03,1.871145218286855982e+00,2.052000000000000000e+03,3.157220391666150316e+00,2.052000000000000000e+03,7.935411412761272487e+00,2.052000000000000000e+03,7.921363838049117589e+00,2.052000000000000000e+03,7.952290111440292186e+00,2.052000000000000000e+03,4.082632386054878992e+00,2.052000000000000000e+03,3.142007713628693910e+00,2.052000000000000000e+03,4.719235464638464883e+00,2.052000000000000000e+03,4.535600774558276704e+00,2.052000000000000000e+03,-4.866817469623512693e+00,2.052000000000000000e+03,9.967585571726260696e+00
2.053000000000000000e+03,5.556186176800289331e+02,1.888000000000000000e+03,2.879797239413941270e+02,1.888000000000000000e+03,2.912130758802914556e+02,2.053000000000000000e+03,2.427322282144018128e+00,2.053000000000000000e+03,1.917199605734229095e+00,2.053000000000000000e+03,3.256530811279375826e+00,2.053000000000000000e+03,7.931603197206629652e+00,2.053000000000000000e+03,7.917246481861055507e+00,2.053000000000000000e+03,7.948861556958792818e+00,2.053000000000000000e+03,3.959782570062920559e+00,2.053000000000000000e+03,2.965264009941744661e+00,2.053000000000000000e+03,4.565576220845890099e+00,2.053000000000000000e+03,5.296481640890290166e+00,2.053000000000000000e+03,5.162182974283889836e-01,2.053000000000000000e+03,1.308064654605215615e+01
2.054000000000000000e+03,5.608060739952253471e+02,1.889000000000000000e+03,2.880371997003102251e+02,1.889000000000000000e+03,2.913569249071730951e+02,2.054000000000000000e+03,2.408798912408001147e+00,2.054000000000000000e+03,1.890919104777588622e+00,2.054000000000000000e+03,3.341213020829951308e+00,2.054000000000000000e+03,7.928169964624493637e+00,2.054000000000000000e+03,7.913118700396064575e+00,2.054000000000000000e+03,7.945481493798388861e+00,2.054000000000000000e+03,3.959758744989416268e+00,2.054000000000000000e+03,3.136992449613731360e+00,2.054000000000000000e+03,4.547919669947082966e+00,2.054000000000000000e+03,7.341778000576480778e+00,2.054000000000000000e+03,3.989393760312662796e+00,2.054000000000000000e+03,1.479729429966422316e+01
2.055000000000000000e+03,5.660273620433687256e+02,1.890000000000000000e+03,2.880661399083240326e+02,1.890000000000000000e+03,2.914687679147904191e+02,2.055000000000000000e+03,2.465521245814992657e+00,2.055000000000000000e+03,1.896714156403666252e+00,2.055000000000000000e+03,3.308107750261159108e+00,2.055000000000000000e+03,7.924401254927527560e+00,2.055000000000000000e+03,7.908823763872621093e+00,2.055000000000000000e+03,7.942657919916721099e+00,2.055000000000000000e+03,3.938646170167264593e+00,2.055000000000000000e+03,3.136284208020083675e+00,2.055000000000000000e+03,4.567832180486942839e+00,2.055000000000000000e+03,5.615544130642546428e+00,2.055000000000000000e+03,-7.311959951601831875e-03,2.055000000000000000e+03,8.744414168910591201e+00
2.056000000000000000e+03,5.713381917733169075e+02,1.891000000000000000e+03,2.881524467928401805e+02,1.891000000000000000e+03,2.915804775277241561e+02,2.056000000000000000e+03,2.489371369564504555e+00,2.056000000000000000e+03,1.979938727582908120e+00,2.056000000000000000e+03,3.401218867044137895e+00,2.056000000000000000e+03,7.921325828649252720e+00,2.056000000000000000e+03,7.906658740553244691e+00,2.056000000000000000e+03,7.938873167068354775e+00,2.056000000000000000e+03,3.970088400818278185e+00,2.056000000000000000e+03,3.129263084686505270e+00,2.056000000000000000e+03,4.583202080639562581e+00,2.056000000000000000e+03,5.480409845592065565e+00,2.056000000000000000e+03,-3.953720002445929360e+00,2.056000000000000000e+03,1.576530053784485297e+01
2.057000000000000000e+03,5.766928491870271500e+02,1.892000000000000000e+03,2.882028832392718414e+02,1.892000000000000000e+03,2.917242593700740940e+02,2.057000000000000000e+03,2.551040219386834007e+00,2.057000000000000000e+03,2.085338647912500676e+00,2.057000000000000000e+03,3.529464214078677831e+00,2.057000000000000000e+03,7.917558950914254545e+00,2.057000000000000000e+03,7.902853683530508100e+00,2.057000000000000000e+03,7.934809505186473544e+00,2.057000000000000000e+03,3.959798833293758591e+00,2.057000000000000000e+03,3.165462711709056798e+00,2.057000000000000000e+03,4.668963716734906733e+00,2.057000000000000000e+03,5.203709071604458281e+00,2.057000000000000000e+03,-1.805160324216258161e+00,2.057000000000000000e+03,1.221494012638337168e+01
2.058000000000000000e+03,5.821111897413178440e+02,1.893000000000000000e+03,2.882605024634131041e+02,1.893000000000000000e+03,2.918899017474934112e+02,2.058000000000000000e+03,2.588990738522598978e+00,2.058000000000000000e+03,2.017164746567011946e+00,2.058000000000000000e+03,3.591874912867037750e+00,2.058000000000000000e+03,7.913766173336635568e+00,2.058000000000000000e+03,7.898723835213205646e+00,2.058000000000000000e+03,7.931687993317538599e+00,2.058000000000000000e+03,4.073194480321626898e+00,2.058000000000000000e+03,3.271908483072582641e+00,2.058000000000000000e+03,4.847856932139225528e+00,2.058000000000000000e+03,4.216070369530008577e+00,2.058000000000000000e+03,-2.169458432778434143e-01,2.058000000000000000e+03,9.981322113391039252e+00
2.059000000000000000e+03,5.875642400094317281e+02,1.894000000000000000e+03,2.883468838559699634e+02,1.894000000000000000e+03,2.920340867180092346e+02,2.059000000000000000e+03,2.608106066392112954e+00,2.059000000000000000e+03,1.940554055211993978e+00,2.059000000000000000e+03,3.660967312077122671e+00,2.059000000000000000e+03,7.910345319125188901e+00,2.059000000000000000e+03,7.894741493850698788e+00,2.059000000000000000e+03,7.927917508071542940e+00,2.059000000000000000e+03,4.247563017332372404e+00,2.059000000000000000e+03,3.287810909450403773e+00,2.059000000000000000e+03,5.491941863839980620e+00,2.059000000000000000e+03,4.462682563412921688e+00,2.059000000000000000e+03,-6.578168303194179556e-01,2.059000000000000000e+03,1.205043802940625497e+01
2.060000000000000000e+03,5.930858405130588835e+02,1.895000000000000000e+03,2.884906723680857681e+02,1.895000000000000000e+03,2.921708417186729321e+02,2.060000000000000000e+03,2.660316118505376526e+00,2.060000000000000000e+03,2.042883448363188137e+00,2.060000000000000000e+03,3.700633627472538212e+00,2.060000000000000000e+03,7.906924075761908810e+00,2.060000000000000000e+03,7.892331023212792118e+00,2.060000000000000000e+03,7.924145737816144397e+00,2.060000000000000000e+03,4.134514997205443798e+00,2.060000000000000000e+03,3.241274707905040131e+00,2.060000000000000000e+03,4.814325173814160586e+00,2.060000000000000000e+03,4.730054987913185016e+00,2.060000000000000000e+03,-4.397018431256459969e+00,2.060000000000000000e+03,1.225673693698132105e+01
2.061000000000000000e+03,5.986758386826465994e+02,1.896000000000000000e+03,2.886276004460357285e+02,1.896000000000000000e+03,2.923436421234704312e+02,2.061000000000000000e+03,2.717500286770366813e+00,2.061000000000000000e+03,2.230094061557637453e+00,2.061000000000000000e+03,3.700961995406933713e+00,2.061000000000000000e+03,7.903163465882470540e+00,2.061000000000000000e+03,7.889468593834745747e+00,2.061000000000000000e+03,7.920349685565507336e+00,2.061000000000000000e+03,4.165367938635303524e+00,2.061000000000000000e+03,3.262245278705121709e+00,2.061000000000000000e+03,4.827198468254885633e+00,2.061000000000000000e+03,4.955702779679041825e+00,2.061000000000000000e+03,7.110747669530761428e-01,2.061000000000000000e+03,1.130263787021186417e+01
2.062000000000000000e+03,6.042865816192047532e+02,1.897000000000000000e+03,2.887714510064145088e+02,1.897000000000000000e+03,2.925377985876157823e+02,2.062000000000000000e+03,2.759987046152029055e+00,2.062000000000000000e+03,2.191049760746137220e+00,2.062000000000000000e+03,3.708930226534307373e+00,2.062000000000000000e+03,7.899402856003032269e+00,2.062000000000000000e+03,7.884980456621457634e+00,2.062000000000000000e+03,7.916303333757123362e+00,2.062000000000000000e+03,4.124163385098555068e+00,2.062000000000000000e+03,3.287776730968116290e+00,2.062000000000000000e+03,4.854259079687095912e+00,2.062000000000000000e+03,5.858468350220505272e+00,2.062000000000000000e+03,6.071695587273611139e-01,2.062000000000000000e+03,1.132111675175132959e+01
2.063000000000000000e+03,6.099916983522879264e+02,1.898000000000000000e+03,2.889407174821476474e+02,1.898000000000000000e+03,2.927323472771871593e+02,2.063000000000000000e+03,2.750533681656093687e+00,2.063000000000000000e+03,2.150471945538523055e+00,2.063000000000000000e+03,3.765801409672016486e+00,2.063000000000000000e+03,7.895955754653146919e+00,2.063000000000000000e+03,7.880687669628605008e+00,2.063000000000000000e+03,7.913187842317941367e+00,2.063000000000000000e+03,4.165378185127623922e+00,2.063000000000000000e+03,3.238368477629450126e+00,2.063000000000000000e+03,4.723703164558177292e+00,2.063000000000000000e+03,4.976812137572435901e+00,2.063000000000000000e+03,3.480501935839142025e-01,2.063000000000000000e+03,1.326709618088248632e+01
2.064000000000000000e+03,6.157515685279987565e+02,1.899000000000000000e+03,2.891100834570007692e+02,1.899000000000000000e+03,2.929628826289748531e+02,2.064000000000000000e+03,2.788644484701039428e+00,2.064000000000000000e+03,2.255525460554300476e+00,2.064000000000000000e+03,3.929491288568572216e+00,2.064000000000000000e+03,7.892531212312226430e+00,2.064000000000000000e+03,7.878151296457875041e+00,2.064000000000000000e+03,7.909759287836441999e+00,2.064000000000000000e+03,4.155633515203936312e+00,2.064000000000000000e+03,3.219184548749810304e+00,2.064000000000000000e+03,4.764362481549822448e+00,2.064000000000000000e+03,4.835250928781589685e+00,2.064000000000000000e+03,-3.377994897882287684e-01,2.064000000000000000e+03,1.394963634888748061e+01
2.065000000000000000e+03,6.215607928965273459e+02,1.900000000000000000e+03,2.892755431462388174e+02,1.900000000000000000e+03,2.932145925773129420e+02,2.065000000000000000e+03,2.836083566361721431e+00,2.065000000000000000e+03,2.302360726126152723e+00,2.065000000000000000e+03,3.936300827638541389e+00,2.065000000000000000e+03,7.888748542907543460e+00,2.065000000000000000e+03,7.873985246756773471e+00,2.065000000000000000e+03,7.906306964090159539e+00,2.065000000000000000e+03,4.185560825412202313e+00,2.065000000000000000e+03,3.221347657888105065e+00,2.065000000000000000e+03,4.910616883001512001e+00,2.065000000000000000e+03,5.767272219879301609e+00,2.065000000000000000e+03,3.078125382634363527e-01,2.065000000000000000e+03,1.224548482266761695e+01
2.066000000000000000e+03,6.274309636370828684e+02,1.901000000000000000e+03,2.894125533137130333e+02,1.901000000000000000e+03,2.934667854230185640e+02,2.066000000000000000e+03,2.907555518089508073e+00,2.066000000000000000e+03,2.285040689652085621e+00,2.066000000000000000e+03,3.920227072668996282e+00,2.066000000000000000e+03,7.884978915741740479e+00,2.066000000000000000e+03,7.868955466332455906e+00,2.066000000000000000e+03,7.902564805366041334e+00,2.066000000000000000e+03,4.144833287756090279e+00,2.066000000000000000e+03,3.252344698351679497e+00,2.066000000000000000e+03,4.694069849047654230e+00,2.066000000000000000e+03,4.463018855388982686e+00,2.066000000000000000e+03,-7.198028338566119233e-01,2.066000000000000000e+03,1.097207610625732066e+01
2.067000000000000000e+03,6.333649761786710997e+02,1.902000000000000000e+03,2.895817809435998242e+02,1.902000000000000000e+03,2.937764157493560333e+02,2.067000000000000000e+03,2.969061662714286953e+00,2.067000000000000000e+03,2.347277006137701516e+00,2.067000000000000000e+03,4.066229616121494139e+00,2.067000000000000000e+03,7.881542588993208476e+00,2.067000000000000000e+03,7.865615735725958402e+00,2.067000000000000000e+03,7.899136821184533197e+00,2.067000000000000000e+03,4.134437803217480223e+00,2.067000000000000000e+03,3.288071161063424341e+00,2.067000000000000000e+03,4.753998745160323836e+00,2.067000000000000000e+03,5.139007246796849948e+00,2.067000000000000000e+03,-1.901782342140951654e+00,2.067000000000000000e+03,1.263709355043012472e+01
2.068000000000000000e+03,6.393513084896610508e+02,1.903000000000000000e+03,2.897511113821593653e+02,1.903000000000000000e+03,2.940575225816262446e+02,2.068000000000000000e+03,3.016640701815489045e+00,2.068000000000000000e+03,2.353599667252212591e+00,2.068000000000000000e+03,4.187954643700940061e+00,2.068000000000000000e+03,7.877764356585002403e+00,2.068000000000000000e+03,7.863471858197676134e+00,2.068000000000000000e+03,7.895685318409719322e+00,2.068000000000000000e+03,4.175775975848258881e+00,2.068000000000000000e+03,3.371000381696038772e+00,2.068000000000000000e+03,4.918331819736145860e+00,2.068000000000000000e+03,3.961861090149361164e+00,2.068000000000000000e+03,-1.949202953200341648e+00,2.068000000000000000e+03,1.092020254111234046e+01
2.069000000000000000e+03,6.453878812271135530e+02,1.904000000000000000e+03,2.898663731239238359e+02,1.904000000000000000e+03,2.944243183478051265e+02,2.069000000000000000e+03,3.054691059190760338e+00,2.069000000000000000e+03,2.382032549460858295e+00,2.069000000000000000e+03,4.221884467660343532e+00,2.069000000000000000e+03,7.874343485997489900e+00,2.069000000000000000e+03,7.859913049272356567e+00,2.069000000000000000e+03,7.891838245316031397e+00,2.069000000000000000e+03,4.185607087258730985e+00,2.069000000000000000e+03,3.341606963842361999e+00,2.069000000000000000e+03,5.062138066853353990e+00,2.069000000000000000e+03,5.192261309301252403e+00,2.069000000000000000e+03,-8.199565982203714520e-02,2.069000000000000000e+03,1.099780986055679577e+01
2.070000000000000000e+03,6.515113673602718336e+02,1.905000000000000000e+03,2.899529239381776051e+02,1.905000000000000000e+03,2.949282425896054178e+02,2.070000000000000000e+03,3.040220332609103959e+00,2.070000000000000000e+03,2.414611947657784530e+00,2.070000000000000000e+03,4.201790253905463679e+00,2.070000000000000000e+03,7.870575110274211639e+00,2.070000000000000000e+03,7.854880164169127710e+00,2.070000000000000000e+03,7.887503870938195938e+00,2.070000000000000000e+03,4.185838820582219455e+00,2.070000000000000000e+03,3.329144908638438594e+00,2.070000000000000000e+03,4.847343497485616659e+00,2.070000000000000000e+03,4.822859582373012266e+00,2.070000000000000000e+03,2.791113971379141287e-02,2.070000000000000000e+03,1.400399010933553612e+01
2.071000000000000000e+03,6.577004785071063679e+02,1.906000000000000000e+03,2.901181812552918586e+02,1.906000000000000000e+03,2.952381254710434177e+02,2.071000000000000000e+03,3.083095281996642623e+00,2.071000000000000000e+03,2.490129529291382315e+00,2.071000000000000000e+03,4.179520149053563394e+00,2.071000000000000000e+03,7.866806734550933378e+00,2.071000000000000000e+03,7.851177908391512084e+00,2.071000000000000000e+03,7.884388010092484578e+00,2.071000000000000000e+03,4.381310630167231324e+00,2.071000000000000000e+03,3.419157027718592978e+00,2.071000000000000000e+03,5.401168925512640051e+00,2.071000000000000000e+03,4.822859582373012266e+00,2.071000000000000000e+03,-6.065695122520082805e+00,2.071000000000000000e+03,1.125041362940369361e+01
2.072000000000000000e+03,6.639553578458940137e+02,1.907000000000000000e+03,2.903126258066814671e+02,1.907000000000000000e+03,2.954905523144190624e+02,2.072000000000000000e+03,3.135114682643697748e+00,2.072000000000000000e+03,2.499486820084702909e+00,2.072000000000000000e+03,4.298836268739771427e+00,2.072000000000000000e+03,7.863382268720271462e+00,2.072000000000000000e+03,7.848368268628034272e+00,2.072000000000000000e+03,7.880892738426798161e+00,2.072000000000000000e+03,4.247629753426803489e+00,2.072000000000000000e+03,3.349890687223731067e+00,2.072000000000000000e+03,4.864646030804244958e+00,2.072000000000000000e+03,3.774279340459968601e+00,2.072000000000000000e+03,-1.998129884839785042e+00,2.072000000000000000e+03,1.099242943178610332e+01
2.073000000000000000e+03,6.702526819015890851e+02,1.908000000000000000e+03,2.905719317564373796e+02,1.908000000000000000e+03,2.957715838713442054e+02,2.073000000000000000e+03,3.197337108009207451e+00,2.073000000000000000e+03,2.505607075554279195e+00,2.073000000000000000e+03,4.413931971900721507e+00,2.073000000000000000e+03,7.859941413417094402e+00,2.073000000000000000e+03,7.844859911982758227e+00,2.073000000000000000e+03,7.876841590195037490e+00,2.073000000000000000e+03,4.247659316944327301e+00,2.073000000000000000e+03,3.431035492162838096e+00,2.073000000000000000e+03,4.997669818405631403e+00,2.073000000000000000e+03,4.102500280563081247e+00,2.073000000000000000e+03,-5.157587982774193280e-01,2.073000000000000000e+03,1.058137894526839418e+01
2.074000000000000000e+03,6.765939197625507404e+02,1.909000000000000000e+03,2.907950100011979657e+02,1.909000000000000000e+03,2.961095267360106504e+02,2.074000000000000000e+03,3.235074887902510632e+00,2.074000000000000000e+03,2.476117895560315141e+00,2.074000000000000000e+03,4.429713762125981447e+00,2.074000000000000000e+03,7.856155273726346699e+00,2.074000000000000000e+03,7.840357643753596228e+00,2.074000000000000000e+03,7.873391552001518967e+00,2.074000000000000000e+03,4.268231899103628102e+00,2.074000000000000000e+03,3.370190879743487411e+00,2.074000000000000000e+03,5.092701783396722526e+00,2.074000000000000000e+03,3.907924379729305731e+00,2.074000000000000000e+03,-3.135402290764179867e+00,2.074000000000000000e+03,1.064223438745883676e+01
2.075000000000000000e+03,6.829834841254587445e+02,1.910000000000000000e+03,2.910183808021164964e+02,1.910000000000000000e+03,2.964194739927874025e+02,2.075000000000000000e+03,3.306345732977319596e+00,2.075000000000000000e+03,2.553252602483236267e+00,2.075000000000000000e+03,4.519444665692819996e+00,2.075000000000000000e+03,7.851718232078074067e+00,2.075000000000000000e+03,7.835357906224837521e+00,2.075000000000000000e+03,7.869635894715719004e+00,2.075000000000000000e+03,4.217082940948962744e+00,2.075000000000000000e+03,3.334183620032014073e+00,2.075000000000000000e+03,4.848256009572991410e+00,2.075000000000000000e+03,4.390583103882059746e+00,2.075000000000000000e+03,-1.378042266053736808e+00,2.075000000000000000e+03,9.933098090834867833e+00
2.076000000000000000e+03,6.894777748435907370e+02,1.911000000000000000e+03,2.912704918554478013e+02,1.911000000000000000e+03,2.967580392899057529e+02,2.076000000000000000e+03,3.334883954182230603e+00,2.076000000000000000e+03,2.574038431697822205e+00,2.076000000000000000e+03,4.487973275072732804e+00,2.076000000000000000e+03,7.848296530142351735e+00,2.076000000000000000e+03,7.832389431596867624e+00,2.076000000000000000e+03,7.866261179498198253e+00,2.076000000000000000e+03,4.195943826567728685e+00,2.076000000000000000e+03,3.356451208170524225e+00,2.076000000000000000e+03,4.937522603976835178e+00,2.076000000000000000e+03,5.243619514084636890e+00,2.076000000000000000e+03,2.290141037610029962e+00,2.076000000000000000e+03,1.175178344469090241e+01
2.077000000000000000e+03,6.960489440130934327e+02,1.912000000000000000e+03,2.915007356661452604e+02,1.912000000000000000e+03,2.970674422568590671e+02,2.077000000000000000e+03,3.301576779177120002e+00,2.077000000000000000e+03,2.497388506372237860e+00,2.077000000000000000e+03,4.662389208543450181e+00,2.077000000000000000e+03,7.845195263089422610e+00,2.077000000000000000e+03,7.830517026725601681e+00,2.077000000000000000e+03,7.863415386985768585e+00,2.077000000000000000e+03,4.432708776373758930e+00,2.077000000000000000e+03,3.404597427356492734e+00,2.077000000000000000e+03,5.476071859425053034e+00,2.077000000000000000e+03,4.422632593880015506e+00,2.077000000000000000e+03,-8.595510475752417001e-01,2.077000000000000000e+03,1.007920135561277419e+01
2.078000000000000000e+03,7.026852119940019747e+02,1.913000000000000000e+03,2.916667281153339673e+02,1.913000000000000000e+03,2.974348460950548088e+02,2.078000000000000000e+03,3.353872486080099691e+00,2.078000000000000000e+03,2.492131112636339463e+00,2.078000000000000000e+03,4.689258014510572892e+00,2.078000000000000000e+03,7.841414998678816417e+00,2.078000000000000000e+03,7.826660972201502808e+00,2.078000000000000000e+03,7.859309913598258923e+00,2.078000000000000000e+03,4.339955712302699276e+00,2.078000000000000000e+03,3.410581222471015028e+00,2.078000000000000000e+03,5.123808932689372320e+00,2.078000000000000000e+03,3.743011156148661200e+00,2.078000000000000000e+03,-1.552855662532721004e+00,2.078000000000000000e+03,1.000672907039236570e+01
2.079000000000000000e+03,7.093778619271303114e+02,1.914000000000000000e+03,2.918324905588074216e+02,1.914000000000000000e+03,2.979388121056655905e+02,2.079000000000000000e+03,3.443994319382656766e+00,2.079000000000000000e+03,2.655873253934494027e+00,2.079000000000000000e+03,4.701954391019597779e+00,2.079000000000000000e+03,7.837296529080334473e+00,2.079000000000000000e+03,7.821849556266819548e+00,2.079000000000000000e+03,7.855546191958355351e+00,2.079000000000000000e+03,4.268311183505388406e+00,2.079000000000000000e+03,3.474674533818960853e+00,2.079000000000000000e+03,5.001202713622929785e+00,2.079000000000000000e+03,3.825177055936178405e+00,2.079000000000000000e+03,-2.077581152946583742e+00,2.079000000000000000e+03,1.296635665468002152e+01
2.080000000000000000e+03,7.161151746525821409e+02,1.915000000000000000e+03,2.919476953830115917e+02,1.915000000000000000e+03,2.982773376206875469e+02,2.080000000000000000e+03,3.477384634462524549e+00,2.080000000000000000e+03,2.778992833078552938e+00,2.080000000000000000e+03,4.821228999484397093e+00,2.080000000000000000e+03,7.833526819997237212e+00,2.080000000000000000e+03,7.816909563487977053e+00,2.080000000000000000e+03,7.851782470318452667e+00,2.080000000000000000e+03,4.298698660428412310e+00,2.080000000000000000e+03,3.324884884158938014e+00,2.080000000000000000e+03,4.906359738792541947e+00,2.080000000000000000e+03,4.595750113550851168e+00,2.080000000000000000e+03,-8.744691382158771287e-01,2.080000000000000000e+03,8.197757260771975751e+00
2.081000000000000000e+03,7.229014493568940907e+02,1.916000000000000000e+03,2.920629835478166001e+02,1.916000000000000000e+03,2.985011431068395495e+02,2.081000000000000000e+03,3.538823715802686287e+00,2.081000000000000000e+03,2.782352723934147676e+00,2.081000000000000000e+03,4.988654877213824612e+00,2.081000000000000000e+03,7.830102354166573519e+00,2.081000000000000000e+03,7.814446663520312697e+00,2.081000000000000000e+03,7.847991450490420462e+00,2.081000000000000000e+03,4.309500045758625220e+00,2.081000000000000000e+03,3.497837348265614654e+00,2.081000000000000000e+03,5.035917808228651538e+00,2.081000000000000000e+03,4.308762892917483711e+00,2.081000000000000000e+03,-6.728472775847285092e+00,2.081000000000000000e+03,9.448666657614648301e+00
2.082000000000000000e+03,7.298165788704644683e+02,1.917000000000000000e+03,2.923147892644451531e+02,1.917000000000000000e+03,2.987029696201898332e+02,2.082000000000000000e+03,3.567304976063998989e+00,2.082000000000000000e+03,2.827768578972104319e+00,2.082000000000000000e+03,4.868978829593060276e+00,2.082000000000000000e+03,7.826339498247179449e+00,2.082000000000000000e+03,7.811274874479632757e+00,2.082000000000000000e+03,7.843928079797328756e+00,2.082000000000000000e+03,4.298722438261552092e+00,2.082000000000000000e+03,3.504355668492320497e+00,2.082000000000000000e+03,4.979513601611878393e+00,2.082000000000000000e+03,5.303133318912431449e+00,2.082000000000000000e+03,1.264148177788548821e-01,2.082000000000000000e+03,1.212671190689930434e+01
2.083000000000000000e+03,7.367622159105477522e+02,1.918000000000000000e+03,2.925379485973073770e+02,1.918000000000000000e+03,2.989547078247582590e+02,2.083000000000000000e+03,3.596337110215872990e+00,2.083000000000000000e+03,2.841007395628213583e+00,2.083000000000000000e+03,4.875925671322864474e+00,2.083000000000000000e+03,7.822557164429371213e+00,2.083000000000000000e+03,7.807117470886709931e+00,2.083000000000000000e+03,7.840814267009348804e+00,2.083000000000000000e+03,4.278502640739852758e+00,2.083000000000000000e+03,3.460227029007824306e+00,2.083000000000000000e+03,4.990843814598941108e+00,2.083000000000000000e+03,3.904410046101839615e+00,2.083000000000000000e+03,-1.797237818073670557e+00,2.083000000000000000e+03,8.361362911920263485e+00
2.084000000000000000e+03,7.438283879446374840e+02,1.919000000000000000e+03,2.927900526084920330e+02,1.919000000000000000e+03,2.992356215250127320e+02,2.084000000000000000e+03,3.648571984969412263e+00,2.084000000000000000e+03,2.850719412031343047e+00,2.084000000000000000e+03,5.031322073988174992e+00,2.084000000000000000e+03,7.818802205000474181e+00,2.084000000000000000e+03,7.802346281676296513e+00,2.084000000000000000e+03,7.837018611974928994e+00,2.084000000000000000e+03,4.268293409362551749e+00,2.084000000000000000e+03,3.383161163606335897e+00,2.084000000000000000e+03,5.026475917670006233e+00,2.084000000000000000e+03,2.982314988686905810e+00,2.084000000000000000e+03,-4.119804218770455329e+00,2.084000000000000000e+03,1.170071011934065197e+01
2.085000000000000000e+03,7.509666991117003363e+02,1.920000000000000000e+03,2.929919393590704431e+02,1.920000000000000000e+03,2.995166383500982192e+02,2.085000000000000000e+03,3.752792118306156777e+00,2.085000000000000000e+03,2.966485583084188082e+00,2.085000000000000000e+03,5.220879711415643776e+00,2.085000000000000000e+03,7.814670871580182698e+00,2.085000000000000000e+03,7.798098153943693767e+00,2.085000000000000000e+03,7.833254610556307895e+00,2.085000000000000000e+03,4.288814334351182644e+00,2.085000000000000000e+03,3.385335666018957745e+00,2.085000000000000000e+03,5.159897468635596951e+00,2.085000000000000000e+03,3.171530536352428875e+00,2.085000000000000000e+03,-6.434221961132261747e+00,2.085000000000000000e+03,1.149795789956383452e+01
2.086000000000000000e+03,7.581500102597339037e+02,1.921000000000000000e+03,2.932436056666094260e+02,1.921000000000000000e+03,2.998545870259242747e+02,2.086000000000000000e+03,3.752828168726535907e+00,2.086000000000000000e+03,2.879099036154189939e+00,2.086000000000000000e+03,5.223259449995862447e+00,2.086000000000000000e+03,7.811934444576510650e+00,2.086000000000000000e+03,7.796284064251100432e+00,2.086000000000000000e+03,7.829439689631340293e+00,2.086000000000000000e+03,4.514675687640513857e+00,2.086000000000000000e+03,3.540848046002687877e+00,2.086000000000000000e+03,5.627525542296499594e+00,2.086000000000000000e+03,5.265477763268912703e+00,2.086000000000000000e+03,-5.695532131800806752e-01,2.086000000000000000e+03,1.244986944101842852e+01
2.087000000000000000e+03,7.654572383133245239e+02,1.922000000000000000e+03,2.934671177935560422e+02,1.922000000000000000e+03,3.001359338228598972e+02,2.087000000000000000e+03,3.771828607896083430e+00,2.087000000000000000e+03,2.953058209774602538e+00,2.087000000000000000e+03,5.254784517552320899e+00,2.087000000000000000e+03,7.808163984799094237e+00,2.087000000000000000e+03,7.793012730663695820e+00,2.087000000000000000e+03,7.825015018266053168e+00,2.087000000000000000e+03,4.453423585022467712e+00,2.087000000000000000e+03,3.442964312491429979e+00,2.087000000000000000e+03,5.079626806460505684e+00,2.087000000000000000e+03,6.518505485233426988e+00,2.087000000000000000e+03,2.356341033236313276e+00,2.087000000000000000e+03,1.255520616685826241e+01
2.088000000000000000e+03,7.728232414460702557e+02,1.923000000000000000e+03,2.936905367391069035e+02,1.923000000000000000e+03,3.004744338083755792e+02,2.088000000000000000e+03,3.876381012146759453e+00,2.088000000000000000e+03,3.048330868592877163e+00,2.088000000000000000e+03,5.272541248861033480e+00,2.088000000000000000e+03,7.803697360984982012e+00,2.088000000000000000e+03,7.787629574519151276e+00,2.088000000000000000e+03,7.821296103299595792e+00,2.088000000000000000e+03,4.381385978809829496e+00,2.088000000000000000e+03,3.533912593048350814e+00,2.088000000000000000e+03,4.938088729124038956e+00,2.088000000000000000e+03,3.833329369493840399e+00,2.088000000000000000e+03,-2.296667924603641886e+00,2.088000000000000000e+03,1.135848272627823796e+01
2.089000000000000000e+03,7.802479618177870861e+02,1.924000000000000000e+03,2.939709753573890794e+02,1.924000000000000000e+03,3.008914747790520892e+02,2.089000000000000000e+03,3.947482102223581979e+00,2.089000000000000000e+03,3.029808311508607854e+00,2.089000000000000000e+03,5.395886332791969053e+00,2.089000000000000000e+03,7.799932004589500423e+00,2.089000000000000000e+03,7.783657637900633475e+00,2.089000000000000000e+03,7.818132804194863006e+00,2.089000000000000000e+03,4.340102959378318914e+00,2.089000000000000000e+03,3.477446330050039780e+00,2.089000000000000000e+03,5.080076596692041591e+00,2.089000000000000000e+03,3.291671716890986144e+00,2.089000000000000000e+03,-6.705475580055813012e+00,2.089000000000000000e+03,1.003603024172396019e+01
2.090000000000000000e+03,7.877678949689114916e+02,1.925000000000000000e+03,2.942232561621260629e+02,1.925000000000000000e+03,3.012878534594502753e+02,2.090000000000000000e+03,3.923729816393096925e+00,2.090000000000000000e+03,3.079703802160788317e+00,2.090000000000000000e+03,5.519231416722905514e+00,2.090000000000000000e+03,7.796510302653777202e+00,2.090000000000000000e+03,7.781457464530558532e+00,2.090000000000000000e+03,7.814093715111723348e+00,2.090000000000000000e+03,4.319893904802352580e+00,2.090000000000000000e+03,3.499965366856780946e+00,2.090000000000000000e+03,5.064640092803570859e+00,2.090000000000000000e+03,3.713174856894854603e+00,2.090000000000000000e+03,-2.835605246563905446e+00,2.090000000000000000e+03,1.013951277894748948e+01
2.091000000000000000e+03,7.953895755225336188e+02,1.926000000000000000e+03,2.945113861450465720e+02,1.926000000000000000e+03,3.016554230949895441e+02,2.091000000000000000e+03,3.947524495891816532e+00,2.091000000000000000e+03,3.162771854251163361e+00,2.091000000000000000e+03,5.637663491944286065e+00,2.091000000000000000e+03,7.792724776536891440e+00,2.091000000000000000e+03,7.777326517609790990e+00,2.091000000000000000e+03,7.810681242186923612e+00,2.091000000000000000e+03,4.330159723496140423e+00,2.091000000000000000e+03,3.539048158310805547e+00,2.091000000000000000e+03,5.136019627921083242e+00,2.091000000000000000e+03,4.914611052127562552e+00,2.091000000000000000e+03,-5.458697139131474252e-01,2.091000000000000000e+03,1.102329812255593566e+01
2.092000000000000000e+03,8.030672632783574727e+02,1.927000000000000000e+03,2.947633380904952105e+02,1.927000000000000000e+03,3.020152671467701566e+02,2.092000000000000000e+03,3.999994086950885652e+00,2.092000000000000000e+03,3.208051330341581853e+00,2.092000000000000000e+03,5.687898683782227849e+00,2.092000000000000000e+03,7.788938721146260846e+00,2.092000000000000000e+03,7.772901165744446672e+00,2.092000000000000000e+03,7.807499442737395157e+00,2.092000000000000000e+03,4.524836291220651674e+00,2.092000000000000000e+03,3.542816228389957800e+00,2.092000000000000000e+03,5.320250898694440345e+00,2.092000000000000000e+03,4.544572696943780521e+00,2.092000000000000000e+03,-2.961339214945940768e+00,2.092000000000000000e+03,1.235956257313699602e+01
2.093000000000000000e+03,8.108365500824083938e+02,1.928000000000000000e+03,2.951017544159827821e+02,1.928000000000000000e+03,3.024401830049213800e+02,2.093000000000000000e+03,4.071169835747021182e+00,2.093000000000000000e+03,3.151394201939532458e+00,2.093000000000000000e+03,5.714280895145674499e+00,2.093000000000000000e+03,7.784829313682410046e+00,2.093000000000000000e+03,7.769207564934477617e+00,2.093000000000000000e+03,7.803420828180941626e+00,2.093000000000000000e+03,4.463855113873035130e+00,2.093000000000000000e+03,3.473266793673179809e+00,2.093000000000000000e+03,5.224075225203777428e+00,2.093000000000000000e+03,3.270842120349100490e+00,2.093000000000000000e+03,-2.378398193300974572e+00,2.093000000000000000e+03,1.136434737774849246e+01
2.094000000000000000e+03,8.186958694371988940e+02,1.929000000000000000e+03,2.954044711397399396e+02,1.929000000000000000e+03,3.028653110223580711e+02,2.094000000000000000e+03,4.085258788435944588e+00,2.094000000000000000e+03,2.938816790663971723e+00,2.094000000000000000e+03,5.818599701955512238e+00,2.094000000000000000e+03,7.781071882938952911e+00,2.094000000000000000e+03,7.766366795661824973e+00,2.094000000000000000e+03,7.799663612650367561e+00,2.094000000000000000e+03,4.412833827980731094e+00,2.094000000000000000e+03,3.568149284299760637e+00,2.094000000000000000e+03,5.199610008911256465e+00,2.094000000000000000e+03,3.795436835375712192e+00,2.094000000000000000e+03,-3.606782776091182363e+00,2.094000000000000000e+03,1.208123199573163120e+01
2.095000000000000000e+03,8.266532669150890342e+02,1.930000000000000000e+03,2.957712213195762274e+02,1.930000000000000000e+03,3.033399692206390910e+02,2.095000000000000000e+03,4.104337446711605608e+00,2.095000000000000000e+03,3.052632709345031614e+00,2.095000000000000000e+03,5.690264652154372271e+00,2.095000000000000000e+03,7.777637934690392996e+00,2.095000000000000000e+03,7.762151424695743707e+00,2.095000000000000000e+03,7.795867479825406399e+00,2.095000000000000000e+03,4.381398843042064506e+00,2.095000000000000000e+03,3.560677079440734971e+00,2.095000000000000000e+03,5.020045254777643073e+00,2.095000000000000000e+03,4.524348980181108537e+00,2.095000000000000000e+03,-1.644541558956794880e+00,2.095000000000000000e+03,1.104481722177949621e+01
2.096000000000000000e+03,8.346758419116720233e+02,1.931000000000000000e+03,2.960525544080419422e+02,1.931000000000000000e+03,3.037941808456774879e+02,2.096000000000000000e+03,4.180296031479690200e+00,2.096000000000000000e+03,3.274923703015634402e+00,2.096000000000000000e+03,5.752989906869023784e+00,2.096000000000000000e+03,7.773519267972198499e+00,2.096000000000000000e+03,7.756738822445782056e+00,2.096000000000000000e+03,7.792096993566537400e+00,2.096000000000000000e+03,4.401577896786982080e+00,2.096000000000000000e+03,3.585758463965359244e+00,2.096000000000000000e+03,5.299657824061923428e+00,2.096000000000000000e+03,4.575976654655135256e+00,2.096000000000000000e+03,-9.668604999607748329e-01,2.096000000000000000e+03,1.279196287910685470e+01
2.097000000000000000e+03,8.427879197990564535e+02,1.932000000000000000e+03,2.963336298556706083e+02,1.932000000000000000e+03,3.041834445790662471e+02,2.097000000000000000e+03,4.256323600597225365e+00,2.097000000000000000e+03,3.297435970806737782e+00,2.097000000000000000e+03,5.943807701845384095e+00,2.097000000000000000e+03,7.769748827966923344e+00,2.097000000000000000e+03,7.752471120805454419e+00,2.097000000000000000e+03,7.788297616837122739e+00,2.097000000000000000e+03,4.453181557779077870e+00,2.097000000000000000e+03,3.526054362357252003e+00,2.097000000000000000e+03,5.178572565270535222e+00,2.097000000000000000e+03,3.260523294552308826e+00,2.097000000000000000e+03,-3.844124658796173932e+00,2.097000000000000000e+03,1.147655625784121369e+01
2.098000000000000000e+03,8.510003626640078664e+02,1.933000000000000000e+03,2.965351737275195774e+02,1.933000000000000000e+03,3.045216411879891893e+02,2.098000000000000000e+03,4.275542958120655435e+00,2.098000000000000000e+03,3.307109553762517695e+00,2.098000000000000000e+03,6.020122006845338269e+00,2.098000000000000000e+03,7.765970610363777560e+00,2.098000000000000000e+03,7.750680857645001254e+00,2.098000000000000000e+03,7.784254345884050075e+00,2.098000000000000000e+03,4.412899727758187396e+00,2.098000000000000000e+03,3.514019744171879012e+00,2.098000000000000000e+03,4.987679094536570545e+00,2.098000000000000000e+03,4.944825798917779736e+00,2.098000000000000000e+03,4.335361676940187037e-01,2.098000000000000000e+03,1.084485282545466411e+01
2.099000000000000000e+03,8.593018514138516366e+02,1.934000000000000000e+03,2.967297426078023932e+02,1.934000000000000000e+03,3.048315705310059229e+02,2.099000000000000000e+03,4.318195961347613299e+00,2.099000000000000000e+03,3.383190608337246275e+00,2.099000000000000000e+03,6.105997797069013799e+00,2.099000000000000000e+03,7.762546144533114756e+00,2.099000000000000000e+03,7.747930122917840556e+00,2.099000000000000000e+03,7.780818845384557925e+00,2.099000000000000000e+03,4.433077973303913843e+00,2.099000000000000000e+03,3.606487321186815809e+00,2.099000000000000000e+03,5.110537787232073192e+00,2.099000000000000000e+03,4.194423553655750148e+00,2.099000000000000000e+03,1.285450239675578032e+00,2.099000000000000000e+03,1.398471887567686878e+01
nan,nan,1.935000000000000000e+03,2.969242924733817404e+02,1.935000000000000000e+03,3.051988986088184106e+02,nan,nan,nan,nan,nan,nan,nan,nan,nan,nan,nan,nan,nan,nan,nan,nan,nan,nan,nan,nan,nan,nan,nan,nan
nan,nan,1.936000000000000000e+03,2.971832516918725560e+02,1.936000000000000000e+03,3.055659211154829222e+02,nan,nan,nan,nan,nan,nan,nan,nan,nan,nan,nan,nan,nan,nan,nan,nan,nan,nan,nan,nan,nan,nan,nan,nan
nan,nan,1.937000000000000000e+03,2.974929617012486460e+02,1.937000000000000000e+03,3.059549560113622420e+02,nan,nan,nan,nan,nan,nan,nan,nan,nan,nan,nan,nan,nan,nan,nan,nan,nan,nan,nan,nan,nan,nan,nan,nan
nan,nan,1.938000000000000000e+03,2.978243729945442624e+02,1.938000000000000000e+03,3.063799953865431576e+02,nan,nan,nan,nan,nan,nan,nan,nan,nan,nan,nan,nan,nan,nan,nan,nan,nan,nan,nan,nan,nan,nan,nan,nan
nan,nan,1.939000000000000000e+03,2.981121793318394566e+02,1.939000000000000000e+03,3.067756949140626830e+02,nan,nan,nan,nan,nan,nan,nan,nan,nan,nan,nan,nan,nan,nan,nan,nan,nan,nan,nan,nan,nan,nan,nan,nan
nan,nan,1.940000000000000000e+03,2.984436545356805368e+02,1.940000000000000000e+03,3.071937222746507814e+02,nan,nan,nan,nan,nan,nan,nan,nan,nan,nan,nan,nan,nan,nan,nan,nan,nan,nan,nan,nan,nan,nan,nan,nan
nan,nan,1.941000000000000000e+03,2.987817361882878799e+02,1.941000000000000000e+03,3.076468337878486068e+02,nan,nan,nan,nan,nan,nan,nan,nan,nan,nan,nan,nan,nan,nan,nan,nan,nan,nan,nan,nan,nan,nan,nan,nan
nan,nan,1.942000000000000000e+03,2.991203953725731139e+02,1.942000000000000000e+03,3.080936004178616940e+02,nan,nan,nan,nan,nan,nan,nan,nan,nan,nan,nan,nan,nan,nan,nan,nan,nan,nan,nan,nan,nan,nan,nan,nan
nan,nan,1.943000000000000000e+03,2.994590562496925372e+02,1.943000000000000000e+03,3.085762682509078445e+02,nan,nan,nan,nan,nan,nan,nan,nan,nan,nan,nan,nan,nan,nan,nan,nan,nan,nan,nan,nan,nan,nan,nan,nan
nan,nan,1.944000000000000000e+03,2.997684340413304653e+02,1.944000000000000000e+03,3.090510575173243524e+02,nan,nan,nan,nan,nan,nan,nan,nan,nan,nan,nan,nan,nan,nan,nan,nan,nan,nan,nan,nan,nan,nan,nan,nan
nan,nan,1.945000000000000000e+03,3.001071436873830294e+02,1.945000000000000000e+03,3.095268205284365308e+02,nan,nan,nan,nan,nan,nan,nan,nan,nan,nan,nan,nan,nan,nan,nan,nan,nan,nan,nan,nan,nan,nan,nan,nan
nan,nan,1.946000000000000000e+03,3.003307756037843887e+02,1.946000000000000000e+03,3.098945930199242298e+02,nan,nan,nan,nan,nan,nan,nan,nan,nan,nan,nan,nan,nan,nan,nan,nan,nan,nan,nan,nan,nan,nan,nan,nan
nan,nan,1.947000000000000000e+03,3.006686677977888280e+02,1.947000000000000000e+03,3.103188850776605250e+02,nan,nan,nan,nan,nan,nan,nan,nan,nan,nan,nan,nan,nan,nan,nan,nan,nan,nan,nan,nan,nan,nan,nan,nan
nan,nan,1.948000000000000000e+03,3.010935399421186389e+02,1.948000000000000000e+03,3.108230063676858776e+02,nan,nan,nan,nan,nan,nan,nan,nan,nan,nan,nan,nan,nan,nan,nan,nan,nan,nan,nan,nan,nan,nan,nan,nan
nan,nan,1.949000000000000000e+03,3.015439196931476999e+02,1.949000000000000000e+03,3.113598404399539277e+02,nan,nan,nan,nan,nan,nan,nan,nan,nan,nan,nan,nan,nan,nan,nan,nan,nan,nan,nan,nan,nan,nan,nan,nan
nan,nan,1.950000000000000000e+03,3.019943611156293741e+02,1.950000000000000000e+03,3.118967672892156884e+02,nan,nan,nan,nan,nan,nan,nan,nan,nan,nan,nan,nan,nan,nan,nan,nan,nan,nan,nan,nan,nan,nan,nan,nan
nan,nan,1.951000000000000000e+03,3.024691056684628734e+02,1.951000000000000000e+03,3.125368391833626447e+02,nan,nan,nan,nan,nan,nan,nan,nan,nan,nan,nan,nan,nan,nan,nan,nan,nan,nan,nan,nan,nan,nan,nan,nan
nan,nan,1.952000000000000000e+03,3.030597051969479026e+02,1.952000000000000000e+03,3.133290522631133399e+02,nan,nan,nan,nan,nan,nan,nan,nan,nan,nan,nan,nan,nan,nan,nan,nan,nan,nan,nan,nan,nan,nan,nan,nan
nan,nan,1.953000000000000000e+03,3.036208470503963213e+02,1.953000000000000000e+03,3.140844471209393873e+02,nan,nan,nan,nan,nan,nan,nan,nan,nan,nan,nan,nan,nan,nan,nan,nan,nan,nan,nan,nan,nan,nan,nan,nan
nan,nan,1.954000000000000000e+03,3.041829948885719546e+02,1.954000000000000000e+03,3.148485281056204030e+02,nan,nan,nan,nan,nan,nan,nan,nan,nan,nan,nan,nan,nan,nan,nan,nan,nan,nan,nan,nan,nan,nan,nan,nan
nan,nan,1.955000000000000000e+03,3.047451457838292299e+02,1.955000000000000000e+03,3.156626371463113969e+02,nan,nan,nan,nan,nan,nan,nan,nan,nan,nan,nan,nan,nan,nan,nan,nan,nan,nan,nan,nan,nan,nan,nan,nan
nan,nan,1.956000000000000000e+03,3.053924332666044847e+02,1.956000000000000000e+03,3.165042233546911916e+02,nan,nan,nan,nan,nan,nan,nan,nan,nan,nan,nan,nan,nan,nan,nan,nan,nan,nan,nan,nan,nan,nan,nan,nan
nan,nan,1.957000000000000000e+03,3.060984215636761974e+02,1.957000000000000000e+03,3.174334716812648480e+02,nan,nan,nan,nan,nan,nan,nan,nan,nan,nan,nan,nan,nan,nan,nan,nan,nan,nan,nan,nan,nan,nan,nan,nan
nan,nan,1.958000000000000000e+03,3.068261356345370814e+02,1.958000000000000000e+03,3.183342404526629252e+02,nan,nan,nan,nan,nan,nan,nan,nan,nan,nan,nan,nan,nan,nan,nan,nan,nan,nan,nan,nan,nan,nan,nan,nan
nan,nan,1.959000000000000000e+03,3.076176439232691564e+02,1.959000000000000000e+03,3.192625318825224667e+02,nan,nan,nan,nan,nan,nan,nan,nan,nan,nan,nan,nan,nan,nan,nan,nan,nan,nan,nan,nan,nan,nan,nan,nan
nan,nan,1.960000000000000000e+03,3.084030639376218801e+02,1.960000000000000000e+03,3.201920457739948347e+02,nan,nan,nan,nan,nan,nan,nan,nan,nan,nan,nan,nan,nan,nan,nan,nan,nan,nan,nan,nan,nan,nan,nan,nan
nan,nan,1.961000000000000000e+03,3.092172358554441871e+02,1.961000000000000000e+03,3.212078286750837606e+02,nan,nan,nan,nan,nan,nan,nan,nan,nan,nan,nan,nan,nan,nan,nan,nan,nan,nan,nan,nan,nan,nan,nan,nan
nan,nan,1.962000000000000000e+03,3.099798177978194076e+02,1.962000000000000000e+03,3.222723755906609995e+02,nan,nan,nan,nan,nan,nan,nan,nan,nan,nan,nan,nan,nan,nan,nan,nan,nan,nan,nan,nan,nan,nan,nan,nan
nan,nan,1.963000000000000000e+03,3.107367328212264397e+02,1.963000000000000000e+03,3.233679870650515227e+02,nan,nan,nan,nan,nan,nan,nan,nan,nan,nan,nan,nan,nan,nan,nan,nan,nan,nan,nan,nan,nan,nan,nan,nan
nan,nan,1.964000000000000000e+03,3.114429622662676138e+02,1.964000000000000000e+03,3.245495192500735584e+02,nan,nan,nan,nan,nan,nan,nan,nan,nan,nan,nan,nan,nan,nan,nan,nan,nan,nan,nan,nan,nan,nan,nan,nan
nan,nan,1.965000000000000000e+03,3.120617050432728092e+02,1.965000000000000000e+03,3.258154385112885620e+02,nan,nan,nan,nan,nan,nan,nan,nan,nan,nan,nan,nan,nan,nan,nan,nan,nan,nan,nan,nan,nan,nan,nan,nan
nan,nan,1.966000000000000000e+03,3.127676418788933006e+02,1.966000000000000000e+03,3.271123535404092877e+02,nan,nan,nan,nan,nan,nan,nan,nan,nan,nan,nan,nan,nan,nan,nan,nan,nan,nan,nan,nan,nan,nan,nan,nan
nan,nan,1.967000000000000000e+03,3.136392036814299900e+02,1.967000000000000000e+03,3.282943271396901537e+02,nan,nan,nan,nan,nan,nan,nan,nan,nan,nan,nan,nan,nan,nan,nan,nan,nan,nan,nan,nan,nan,nan,nan,nan
nan,nan,1.968000000000000000e+03,3.145978250566773227e+02,1.968000000000000000e+03,3.293614012463380618e+02,nan,nan,nan,nan,nan,nan,nan,nan,nan,nan,nan,nan,nan,nan,nan,nan,nan,nan,nan,nan,nan,nan,nan,nan
nan,nan,1.969000000000000000e+03,3.156048896903014906e+02,1.969000000000000000e+03,3.305194742756492587e+02,nan,nan,nan,nan,nan,nan,nan,nan,nan,nan,nan,nan,nan,nan,nan,nan,nan,nan,nan,nan,nan,nan,nan,nan
nan,nan,1.970000000000000000e+03,3.167287643011372893e+02,1.970000000000000000e+03,3.317514744202961765e+02,nan,nan,nan,nan,nan,nan,nan,nan,nan,nan,nan,nan,nan,nan,nan,nan,nan,nan,nan,nan,nan,nan,nan,nan
nan,nan,1.971000000000000000e+03,3.179371721966641076e+02,1.971000000000000000e+03,3.331611243771739055e+02,nan,nan,nan,nan,nan,nan,nan,nan,nan,nan,nan,nan,nan,nan,nan,nan,nan,nan,nan,nan,nan,nan,nan,nan
nan,nan,1.972000000000000000e+03,3.191769744832791957e+02,1.972000000000000000e+03,3.345668099172647203e+02,nan,nan,nan,nan,nan,nan,nan,nan,nan,nan,nan,nan,nan,nan,nan,nan,nan,nan,nan,nan,nan,nan,nan,nan
nan,nan,1.973000000000000000e+03,3.203855223849701588e+02,1.973000000000000000e+03,3.359982669820436740e+02,nan,nan,nan,nan,nan,nan,nan,nan,nan,nan,nan,nan,nan,nan,nan,nan,nan,nan,nan,nan,nan,nan,nan,nan
nan,nan,1.974000000000000000e+03,3.217685365071758952e+02,1.974000000000000000e+03,3.374609026155475249e+02,nan,nan,nan,nan,nan,nan,nan,nan,nan,nan,nan,nan,nan,nan,nan,nan,nan,nan,nan,nan,nan,nan,nan,nan
nan,nan,1.975000000000000000e+03,3.231160495305588256e+02,1.975000000000000000e+03,3.389020681289800905e+02,nan,nan,nan,nan,nan,nan,nan,nan,nan,nan,nan,nan,nan,nan,nan,nan,nan,nan,nan,nan,nan,nan,nan,nan
nan,nan,1.976000000000000000e+03,3.244131286315466696e+02,1.976000000000000000e+03,3.403935190591702735e+02,nan,nan,nan,nan,nan,nan,nan,nan,nan,nan,nan,nan,nan,nan,nan,nan,nan,nan,nan,nan,nan,nan,nan,nan
nan,nan,1.977000000000000000e+03,3.257588193508153154e+02,1.977000000000000000e+03,3.419909847619495054e+02,nan,nan,nan,nan,nan,nan,nan,nan,nan,nan,nan,nan,nan,nan,nan,nan,nan,nan,nan,nan,nan,nan,nan,nan
nan,nan,1.978000000000000000e+03,3.272500986878868048e+02,1.978000000000000000e+03,3.435978038873361697e+02,nan,nan,nan,nan,nan,nan,nan,nan,nan,nan,nan,nan,nan,nan,nan,nan,nan,nan,nan,nan,nan,nan,nan,nan
nan,nan,1.979000000000000000e+03,3.288279973838490946e+02,1.979000000000000000e+03,3.451758717178457232e+02,nan,nan,nan,nan,nan,nan,nan,nan,nan,nan,nan,nan,nan,nan,nan,nan,nan,nan,nan,nan,nan,nan,nan,nan
nan,nan,1.980000000000000000e+03,3.304636081240461749e+02,1.980000000000000000e+03,3.467754790183200271e+02,nan,nan,nan,nan,nan,nan,nan,nan,nan,nan,nan,nan,nan,nan,nan,nan,nan,nan,nan,nan,nan,nan,nan,nan
nan,nan,1.981000000000000000e+03,3.320612426476488395e+02,1.981000000000000000e+03,3.483227656509074563e+02,nan,nan,nan,nan,nan,nan,nan,nan,nan,nan,nan,nan,nan,nan,nan,nan,nan,nan,nan,nan,nan,nan,nan,nan
nan,nan,1.982000000000000000e+03,3.336392801322172659e+02,1.982000000000000000e+03,3.498719580318054909e+02,nan,nan,nan,nan,nan,nan,nan,nan,nan,nan,nan,nan,nan,nan,nan,nan,nan,nan,nan,nan,nan,nan,nan,nan
nan,nan,1.983000000000000000e+03,3.350996287354000174e+02,1.983000000000000000e+03,3.514185599160770721e+02,nan,nan,nan,nan,nan,nan,nan,nan,nan,nan,nan,nan,nan,nan,nan,nan,nan,nan,nan,nan,nan,nan,nan,nan
nan,nan,1.984000000000000000e+03,3.365623510901297664e+02,1.984000000000000000e+03,3.531906329556543938e+02,nan,nan,nan,nan,nan,nan,nan,nan,nan,nan,nan,nan,nan,nan,nan,nan,nan,nan,nan,nan,nan,nan,nan,nan
nan,nan,1.985000000000000000e+03,3.379747047052594553e+02,1.985000000000000000e+03,3.549919741319512241e+02,nan,nan,nan,nan,nan,nan,nan,nan,nan,nan,nan,nan,nan,nan,nan,nan,nan,nan,nan,nan,nan,nan,nan,nan
nan,nan,1.986000000000000000e+03,3.395218415729783601e+02,1.986000000000000000e+03,3.567048467599655055e+02,nan,nan,nan,nan,nan,nan,nan,nan,nan,nan,nan,nan,nan,nan,nan,nan,nan,nan,nan,nan,nan,nan,nan,nan
nan,nan,1.987000000000000000e+03,3.411213917713313890e+02,1.987000000000000000e+03,3.583406593313263784e+02,nan,nan,nan,nan,nan,nan,nan,nan,nan,nan,nan,nan,nan,nan,nan,nan,nan,nan,nan,nan,nan,nan,nan,nan
nan,nan,1.988000000000000000e+03,3.426105594255144524e+02,1.988000000000000000e+03,3.600525976734574556e+02,nan,nan,nan,nan,nan,nan,nan,nan,nan,nan,nan,nan,nan,nan,nan,nan,nan,nan,nan,nan,nan,nan,nan,nan
nan,nan,1.989000000000000000e+03,3.441883749596223652e+02,1.989000000000000000e+03,3.617387669605341785e+02,nan,nan,nan,nan,nan,nan,nan,nan,nan,nan,nan,nan,nan,nan,nan,nan,nan,nan,nan,nan,nan,nan,nan,nan
nan,nan,1.990000000000000000e+03,3.457958356645185063e+02,1.990000000000000000e+03,3.634903129814409226e+02,nan,nan,nan,nan,nan,nan,nan,nan,nan,nan,nan,nan,nan,nan,nan,nan,nan,nan,nan,nan,nan,nan,nan,nan
nan,nan,1.991000000000000000e+03,3.473666763016843788e+02,1.991000000000000000e+03,3.651477066408107248e+02,nan,nan,nan,nan,nan,nan,nan,nan,nan,nan,nan,nan,nan,nan,nan,nan,nan,nan,nan,nan,nan,nan,nan,nan
nan,nan,1.992000000000000000e+03,3.489132817729104090e+02,1.992000000000000000e+03,3.670034828767568911e+02,nan,nan,nan,nan,nan,nan,nan,nan,nan,nan,nan,nan,nan,nan,nan,nan,nan,nan,nan,nan,nan,nan,nan,nan
nan,nan,1.993000000000000000e+03,3.502969949082772132e+02,1.993000000000000000e+03,3.691142270787078701e+02,nan,nan,nan,nan,nan,nan,nan,nan,nan,nan,nan,nan,nan,nan,nan,nan,nan,nan,nan,nan,nan,nan,nan,nan
nan,nan,1.994000000000000000e+03,3.515056771829819695e+02,1.994000000000000000e+03,3.714158752133278654e+02,nan,nan,nan,nan,nan,nan,nan,nan,nan,nan,nan,nan,nan,nan,nan,nan,nan,nan,nan,nan,nan,nan,nan,nan
nan,nan,1.995000000000000000e+03,3.528246031172380412e+02,1.995000000000000000e+03,3.733055905709902618e+02,nan,nan,nan,nan,nan,nan,nan,nan,nan,nan,nan,nan,nan,nan,nan,nan,nan,nan,nan,nan,nan,nan,nan,nan
nan,nan,1.996000000000000000e+03,3.543447162604944651e+02,1.996000000000000000e+03,3.749344795364880838e+02,nan,nan,nan,nan,nan,nan,nan,nan,nan,nan,nan,nan,nan,nan,nan,nan,nan,nan,nan,nan,nan,nan,nan,nan
nan,nan,1.997000000000000000e+03,3.559226865910813444e+02,1.997000000000000000e+03,3.765125557997404826e+02,nan,nan,nan,nan,nan,nan,nan,nan,nan,nan,nan,nan,nan,nan,nan,nan,nan,nan,nan,nan,nan,nan,nan,nan
nan,nan,1.998000000000000000e+03,3.578072891479025657e+02,1.998000000000000000e+03,3.784545542912804876e+02,nan,nan,nan,nan,nan,nan,nan,nan,nan,nan,nan,nan,nan,nan,nan,nan,nan,nan,nan,nan,nan,nan,nan,nan
nan,nan,1.999000000000000000e+03,3.593497799169164750e+02,1.999000000000000000e+03,3.800044748140546744e+02,nan,nan,nan,nan,nan,nan,nan,nan,nan,nan,nan,nan,nan,nan,nan,nan,nan,nan,nan,nan,nan,nan,nan,nan
nan,nan,2.000000000000000000e+03,3.609284223765873207e+02,2.000000000000000000e+03,3.815759162597332761e+02,nan,nan,nan,nan,nan,nan,nan,nan,nan,nan,nan,nan,nan,nan,nan,nan,nan,nan,nan,nan,nan,nan,nan,nan
nan,nan,2.001000000000000000e+03,3.625613385302737584e+02,2.001000000000000000e+03,3.832950957519484518e+02,nan,nan,nan,nan,nan,nan,nan,nan,nan,nan,nan,nan,nan,nan,nan,nan,nan,nan,nan,nan,nan,nan,nan,nan
nan,nan,2.002000000000000000e+03,3.641106351634646217e+02,2.002000000000000000e+03,3.848949223840204468e+02,nan,nan,nan,nan,nan,nan,nan,nan,nan,nan,nan,nan,nan,nan,nan,nan,nan,nan,nan,nan,nan,nan,nan,nan
nan,nan,2.003000000000000000e+03,3.657650571434234053e+02,2.003000000000000000e+03,3.866930729674838290e+02,nan,nan,nan,nan,nan,nan,nan,nan,nan,nan,nan,nan,nan,nan,nan,nan,nan,nan,nan,nan,nan,nan,nan,nan
nan,nan,2.004000000000000000e+03,3.674518019286259687e+02,2.004000000000000000e+03,3.886390520586832622e+02,nan,nan,nan,nan,nan,nan,nan,nan,nan,nan,nan,nan,nan,nan,nan,nan,nan,nan,nan,nan,nan,nan,nan,nan
nan,nan,2.005000000000000000e+03,3.693394553289023179e+02,2.005000000000000000e+03,3.908579898679619760e+02,nan,nan,nan,nan,nan,nan,nan,nan,nan,nan,nan,nan,nan,nan,nan,nan,nan,nan,nan,nan,nan,nan,nan,nan
nan,nan,2.006000000000000000e+03,3.713137328242044646e+02,2.006000000000000000e+03,3.931996897152540100e+02,nan,nan,nan,nan,nan,nan,nan,nan,nan,nan,nan,nan,nan,nan,nan,nan,nan,nan,nan,nan,nan,nan,nan,nan
nan,nan,2.007000000000000000e+03,3.733926469499670020e+02,2.007000000000000000e+03,3.956166724210004872e+02,nan,nan,nan,nan,nan,nan,nan,nan,nan,nan,nan,nan,nan,nan,nan,nan,nan,nan,nan,nan,nan,nan,nan,nan
nan,nan,2.008000000000000000e+03,3.755542141322040948e+02,2.008000000000000000e+03,3.981168720560149268e+02,nan,nan,nan,nan,nan,nan,nan,nan,nan,nan,nan,nan,nan,nan,nan,nan,nan,nan,nan,nan,nan,nan,nan,nan
nan,nan,2.009000000000000000e+03,3.775871116529710889e+02,2.009000000000000000e+03,4.005102352937066144e+02,nan,nan,nan,nan,nan,nan,nan,nan,nan,nan,nan,nan,nan,nan,nan,nan,nan,nan,nan,nan,nan,nan,nan,nan
nan,nan,2.010000000000000000e+03,3.795797044832712004e+02,2.010000000000000000e+03,4.028697030502901271e+02,nan,nan,nan,nan,nan,nan,nan,nan,nan,nan,nan,nan,nan,nan,nan,nan,nan,nan,nan,nan,nan,nan,nan,nan
nan,nan,2.011000000000000000e+03,3.818275935296412626e+02,2.011000000000000000e+03,4.054633953038676282e+02,nan,nan,nan,nan,nan,nan,nan,nan,nan,nan,nan,nan,nan,nan,nan,nan,nan,nan,nan,nan,nan,nan,nan,nan
nan,nan,2.012000000000000000e+03,3.841981673726060649e+02,2.012000000000000000e+03,4.080213985143496416e+02,nan,nan,nan,nan,nan,nan,nan,nan,nan,nan,nan,nan,nan,nan,nan,nan,nan,nan,nan,nan,nan,nan,nan,nan
nan,nan,2.013000000000000000e+03,3.866377777504254709e+02,2.013000000000000000e+03,4.106624871913311381e+02,nan,nan,nan,nan,nan,nan,nan,nan,nan,nan,nan,nan,nan,nan,nan,nan,nan,nan,nan,nan,nan,nan,nan,nan
nan,nan,2.014000000000000000e+03,3.891452607462840092e+02,2.014000000000000000e+03,4.133645060891200842e+02,nan,nan,nan,nan,nan,nan,nan,nan,nan,nan,nan,nan,nan,nan,nan,nan,nan,nan,nan,nan,nan,nan,nan,nan
nan,nan,2.015000000000000000e+03,3.917348941691348614e+02,2.015000000000000000e+03,4.161483370321782900e+02,nan,nan,nan,nan,nan,nan,nan,nan,nan,nan,nan,nan,nan,nan,nan,nan,nan,nan,nan,nan,nan,nan,nan,nan
nan,nan,2.016000000000000000e+03,3.942641270219411922e+02,2.016000000000000000e+03,4.189656517906408340e+02,nan,nan,nan,nan,nan,nan,nan,nan,nan,nan,nan,nan,nan,nan,nan,nan,nan,nan,nan,nan,nan,nan,nan,nan
nan,nan,2.017000000000000000e+03,3.968796639960498851e+02,2.017000000000000000e+03,4.218334007269891117e+02,nan,nan,nan,nan,nan,nan,nan,nan,nan,nan,nan,nan,nan,nan,nan,nan,nan,nan,nan,nan,nan,nan,nan,nan
nan,nan,2.018000000000000000e+03,3.996934119690749867e+02,2.018000000000000000e+03,4.248701940360406297e+02,nan,nan,nan,nan,nan,nan,nan,nan,nan,nan,nan,nan,nan,nan,nan,nan,nan,nan,nan,nan,nan,nan,nan,nan
nan,nan,2.019000000000000000e+03,4.028202561442663523e+02,2.019000000000000000e+03,4.279972690856072290e+02,nan,nan,nan,nan,nan,nan,nan,nan,nan,nan,nan,nan,nan,nan,nan,nan,nan,nan,nan,nan,nan,nan,nan,nan
nan,nan,2.020000000000000000e+03,4.060554763185715501e+02,2.020000000000000000e+03,4.312324542237078049e+02,nan,nan,nan,nan,nan,nan,nan,nan,nan,nan,nan,nan,nan,nan,nan,nan,nan,nan,nan,nan,nan,nan,nan,nan
nan,nan,2.021000000000000000e+03,4.094060624848838188e+02,2.021000000000000000e+03,4.345541713875308005e+02,nan,nan,nan,nan,nan,nan,nan,nan,nan,nan,nan,nan,nan,nan,nan,nan,nan,nan,nan,nan,nan,nan,nan,nan
nan,nan,2.022000000000000000e+03,4.128315921009377121e+02,2.022000000000000000e+03,4.379509169298578399e+02,nan,nan,nan,nan,nan,nan,nan,nan,nan,nan,nan,nan,nan,nan,nan,nan,nan,nan,nan,nan,nan,nan,nan,nan
nan,nan,2.023000000000000000e+03,4.163478705625768157e+02,2.023000000000000000e+03,4.413879369606846126e+02,nan,nan,nan,nan,nan,nan,nan,nan,nan,nan,nan,nan,nan,nan,nan,nan,nan,nan,nan,nan,nan,nan,nan,nan
nan,nan,2.024000000000000000e+03,4.200021563307801671e+02,2.024000000000000000e+03,4.449558670866380226e+02,nan,nan,nan,nan,nan,nan,nan,nan,nan,nan,nan,nan,nan,nan,nan,nan,nan,nan,nan,nan,nan,nan,nan,nan
nan,nan,2.025000000000000000e+03,4.237489393936136821e+02,2.025000000000000000e+03,4.486161552016560563e+02,nan,nan,nan,nan,nan,nan,nan,nan,nan,nan,nan,nan,nan,nan,nan,nan,nan,nan,nan,nan,nan,nan,nan,nan
nan,nan,2.026000000000000000e+03,4.275750378188176342e+02,2.026000000000000000e+03,4.523845575495695925e+02,nan,nan,nan,nan,nan,nan,nan,nan,nan,nan,nan,nan,nan,nan,nan,nan,nan,nan,nan,nan,nan,nan,nan,nan
nan,nan,2.027000000000000000e+03,4.314605152752866957e+02,2.027000000000000000e+03,4.562194734923318720e+02,nan,nan,nan,nan,nan,nan,nan,nan,nan,nan,nan,nan,nan,nan,nan,nan,nan,nan,nan,nan,nan,nan,nan,nan
nan,nan,2.028000000000000000e+03,4.354241205081225985e+02,2.028000000000000000e+03,4.600104400594438516e+02,nan,nan,nan,nan,nan,nan,nan,nan,nan,nan,nan,nan,nan,nan,nan,nan,nan,nan,nan,nan,nan,nan,nan,nan
nan,nan,2.029000000000000000e+03,4.391134503258675181e+02,2.029000000000000000e+03,4.639517701189761851e+02,nan,nan,nan,nan,nan,nan,nan,nan,nan,nan,nan,nan,nan,nan,nan,nan,nan,nan,nan,nan,nan,nan,nan,nan
nan,nan,2.030000000000000000e+03,4.426526404793254414e+02,2.030000000000000000e+03,4.678866079684173087e+02,nan,nan,nan,nan,nan,nan,nan,nan,nan,nan,nan,nan,nan,nan,nan,nan,nan,nan,nan,nan,nan,nan,nan,nan
nan,nan,2.031000000000000000e+03,4.463388961810136948e+02,2.031000000000000000e+03,4.719088739328508382e+02,nan,nan,nan,nan,nan,nan,nan,nan,nan,nan,nan,nan,nan,nan,nan,nan,nan,nan,nan,nan,nan,nan,nan,nan
nan,nan,2.032000000000000000e+03,4.500253176480455295e+02,2.032000000000000000e+03,4.760232023471361344e+02,nan,nan,nan,nan,nan,nan,nan,nan,nan,nan,nan,nan,nan,nan,nan,nan,nan,nan,nan,nan,nan,nan,nan,nan
nan,nan,2.033000000000000000e+03,4.537371512236230728e+02,2.033000000000000000e+03,4.801522626598558077e+02,nan,nan,nan,nan,nan,nan,nan,nan,nan,nan,nan,nan,nan,nan,nan,nan,nan,nan,nan,nan,nan,nan,nan,nan
nan,nan,2.034000000000000000e+03,4.573976136649199020e+02,2.034000000000000000e+03,4.843458219880295132e+02,nan,nan,nan,nan,nan,nan,nan,nan,nan,nan,nan,nan,nan,nan,nan,nan,nan,nan,nan,nan,nan,nan,nan,nan
nan,nan,2.035000000000000000e+03,4.611660809268386174e+02,2.035000000000000000e+03,4.885394576854583875e+02,nan,nan,nan,nan,nan,nan,nan,nan,nan,nan,nan,nan,nan,nan,nan,nan,nan,nan,nan,nan,nan,nan,nan,nan
nan,nan,2.036000000000000000e+03,4.649370421008138692e+02,2.036000000000000000e+03,4.927278215614467740e+02,nan,nan,nan,nan,nan,nan,nan,nan,nan,nan,nan,nan,nan,nan,nan,nan,nan,nan,nan,nan,nan,nan,nan,nan
nan,nan,2.037000000000000000e+03,4.690440051593981821e+02,2.037000000000000000e+03,4.969502472400042166e+02,nan,nan,nan,nan,nan,nan,nan,nan,nan,nan,nan,nan,nan,nan,nan,nan,nan,nan,nan,nan,nan,nan,nan,nan
nan,nan,2.038000000000000000e+03,4.730142516253241638e+02,2.038000000000000000e+03,5.013095607437149965e+02,nan,nan,nan,nan,nan,nan,nan,nan,nan,nan,nan,nan,nan,nan,nan,nan,nan,nan,nan,nan,nan,nan,nan,nan
nan,nan,2.039000000000000000e+03,4.769203090507866705e+02,2.039000000000000000e+03,5.058918106550056564e+02,nan,nan,nan,nan,nan,nan,nan,nan,nan,nan,nan,nan,nan,nan,nan,nan,nan,nan,nan,nan,nan,nan,nan,nan
nan,nan,2.040000000000000000e+03,4.811425141668285050e+02,2.040000000000000000e+03,5.104817434476752851e+02,nan,nan,nan,nan,nan,nan,nan,nan,nan,nan,nan,nan,nan,nan,nan,nan,nan,nan,nan,nan,nan,nan,nan,nan
nan,nan,2.041000000000000000e+03,4.850568351051863374e+02,2.041000000000000000e+03,5.150159983151474989e+02,nan,nan,nan,nan,nan,nan,nan,nan,nan,nan,nan,nan,nan,nan,nan,nan,nan,nan,nan,nan,nan,nan,nan,nan
nan,nan,2.042000000000000000e+03,4.889341186269621176e+02,2.042000000000000000e+03,5.196198286812793867e+02,nan,nan,nan,nan,nan,nan,nan,nan,nan,nan,nan,nan,nan,nan,nan,nan,nan,nan,nan,nan,nan,nan,nan,nan
nan,nan,2.043000000000000000e+03,4.930411564727623954e+02,2.043000000000000000e+03,5.242385790687905001e+02,nan,nan,nan,nan,nan,nan,nan,nan,nan,nan,nan,nan,nan,nan,nan,nan,nan,nan,nan,nan,nan,nan,nan,nan
nan,nan,2.044000000000000000e+03,4.970618976224690755e+02,2.044000000000000000e+03,5.289653777110604551e+02,nan,nan,nan,nan,nan,nan,nan,nan,nan,nan,nan,nan,nan,nan,nan,nan,nan,nan,nan,nan,nan,nan,nan,nan
nan,nan,2.045000000000000000e+03,5.011710938635750949e+02,2.045000000000000000e+03,5.336359060937386403e+02,nan,nan,nan,nan,nan,nan,nan,nan,nan,nan,nan,nan,nan,nan,nan,nan,nan,nan,nan,nan,nan,nan,nan,nan
nan,nan,2.046000000000000000e+03,5.053070569236735992e+02,2.046000000000000000e+03,5.387587620970601847e+02,nan,nan,nan,nan,nan,nan,nan,nan,nan,nan,nan,nan,nan,nan,nan,nan,nan,nan,nan,nan,nan,nan,nan,nan
nan,nan,2.047000000000000000e+03,5.093637919696578251e+02,2.047000000000000000e+03,5.437954884296522096e+02,nan,nan,nan,nan,nan,nan,nan,nan,nan,nan,nan,nan,nan,nan,nan,nan,nan,nan,nan,nan,nan,nan,nan,nan
nan,nan,2.048000000000000000e+03,5.134352993413195918e+02,2.048000000000000000e+03,5.489100562270251658e+02,nan,nan,nan,nan,nan,nan,nan,nan,nan,nan,nan,nan,nan,nan,nan,nan,nan,nan,nan,nan,nan,nan,nan,nan
nan,nan,2.049000000000000000e+03,5.174632238684210961e+02,2.049000000000000000e+03,5.539180096656232308e+02,nan,nan,nan,nan,nan,nan,nan,nan,nan,nan,nan,nan,nan,nan,nan,nan,nan,nan,nan,nan,nan,nan,nan,nan
nan,nan,2.050000000000000000e+03,5.216801663708641854e+02,2.050000000000000000e+03,5.590721372978565569e+02,nan,nan,nan,nan,nan,nan,nan,nan,nan,nan,nan,nan,nan,nan,nan,nan,nan,nan,nan,nan,nan,nan,nan,nan
nan,nan,2.051000000000000000e+03,5.258164150258193104e+02,2.051000000000000000e+03,5.642946073694361075e+02,nan,nan,nan,nan,nan,nan,nan,nan,nan,nan,nan,nan,nan,nan,nan,nan,nan,nan,nan,nan,nan,nan,nan,nan
nan,nan,2.052000000000000000e+03,5.299812224145025539e+02,2.052000000000000000e+03,5.696194542308206792e+02,nan,nan,nan,nan,nan,nan,nan,nan,nan,nan,nan,nan,nan,nan,nan,nan,nan,nan,nan,nan,nan,nan,nan,nan
nan,nan,2.053000000000000000e+03,5.341751749016528947e+02,2.053000000000000000e+03,5.750812599876809372e+02,nan,nan,nan,nan,nan,nan,nan,nan,nan,nan,nan,nan,nan,nan,nan,nan,nan,nan,nan,nan,nan,nan,nan,nan
nan,nan,2.054000000000000000e+03,5.388097149704318554e+02,2.054000000000000000e+03,5.805577963501153818e+02,nan,nan,nan,nan,nan,nan,nan,nan,nan,nan,nan,nan,nan,nan,nan,nan,nan,nan,nan,nan,nan,nan,nan,nan
nan,nan,2.055000000000000000e+03,5.431186440954719501e+02,2.055000000000000000e+03,5.860772498241731228e+02,nan,nan,nan,nan,nan,nan,nan,nan,nan,nan,nan,nan,nan,nan,nan,nan,nan,nan,nan,nan,nan,nan,nan,nan
nan,nan,2.056000000000000000e+03,5.474275494351285261e+02,2.056000000000000000e+03,5.916759682664667253e+02,nan,nan,nan,nan,nan,nan,nan,nan,nan,nan,nan,nan,nan,nan,nan,nan,nan,nan,nan,nan,nan,nan,nan,nan
nan,nan,2.057000000000000000e+03,5.517220545603620394e+02,2.057000000000000000e+03,5.972724995552955534e+02,nan,nan,nan,nan,nan,nan,nan,nan,nan,nan,nan,nan,nan,nan,nan,nan,nan,nan,nan,nan,nan,nan,nan,nan
nan,nan,2.058000000000000000e+03,5.562830705028164857e+02,2.058000000000000000e+03,6.027607441744557946e+02,nan,nan,nan,nan,nan,nan,nan,nan,nan,nan,nan,nan,nan,nan,nan,nan,nan,nan,nan,nan,nan,nan,nan,nan
nan,nan,2.059000000000000000e+03,5.607019938577451512e+02,2.059000000000000000e+03,6.082489921296681814e+02,nan,nan,nan,nan,nan,nan,nan,nan,nan,nan,nan,nan,nan,nan,nan,nan,nan,nan,nan,nan,nan,nan,nan,nan
nan,nan,2.060000000000000000e+03,5.651763353451572129e+02,2.060000000000000000e+03,6.138095559937613643e+02,nan,nan,nan,nan,nan,nan,nan,nan,nan,nan,nan,nan,nan,nan,nan,nan,nan,nan,nan,nan,nan,nan,nan,nan
nan,nan,2.061000000000000000e+03,5.696221710609884212e+02,2.061000000000000000e+03,6.193578858776563720e+02,nan,nan,nan,nan,nan,nan,nan,nan,nan,nan,nan,nan,nan,nan,nan,nan,nan,nan,nan,nan,nan,nan,nan,nan
nan,nan,2.062000000000000000e+03,5.740893196083395651e+02,2.062000000000000000e+03,6.251486412600572748e+02,nan,nan,nan,nan,nan,nan,nan,nan,nan,nan,nan,nan,nan,nan,nan,nan,nan,nan,nan,nan,nan,nan,nan,nan
nan,nan,2.063000000000000000e+03,5.786225182056095946e+02,2.063000000000000000e+03,6.311459782719863369e+02,nan,nan,nan,nan,nan,nan,nan,nan,nan,nan,nan,nan,nan,nan,nan,nan,nan,nan,nan,nan,nan,nan,nan,nan
nan,nan,2.064000000000000000e+03,5.831557978267497901e+02,2.064000000000000000e+03,6.372238617388605917e+02,nan,nan,nan,nan,nan,nan,nan,nan,nan,nan,nan,nan,nan,nan,nan,nan,nan,nan,nan,nan,nan,nan,nan,nan
nan,nan,2.065000000000000000e+03,5.877385633004359988e+02,2.065000000000000000e+03,6.433017717092594694e+02,nan,nan,nan,nan,nan,nan,nan,nan,nan,nan,nan,nan,nan,nan,nan,nan,nan,nan,nan,nan,nan,nan,nan,nan
nan,nan,2.066000000000000000e+03,5.923495856292397548e+02,2.066000000000000000e+03,6.494018469443844879e+02,nan,nan,nan,nan,nan,nan,nan,nan,nan,nan,nan,nan,nan,nan,nan,nan,nan,nan,nan,nan,nan,nan,nan,nan
nan,nan,2.067000000000000000e+03,5.970233658289112100e+02,2.067000000000000000e+03,6.554557991816274125e+02,nan,nan,nan,nan,nan,nan,nan,nan,nan,nan,nan,nan,nan,nan,nan,nan,nan,nan,nan,nan,nan,nan,nan,nan
nan,nan,2.068000000000000000e+03,6.016972982532114429e+02,2.068000000000000000e+03,6.615095930571856115e+02,nan,nan,nan,nan,nan,nan,nan,nan,nan,nan,nan,nan,nan,nan,nan,nan,nan,nan,nan,nan,nan,nan,nan,nan
nan,nan,2.069000000000000000e+03,6.064737773983558782e+02,2.069000000000000000e+03,6.674370246535797833e+02,nan,nan,nan,nan,nan,nan,nan,nan,nan,nan,nan,nan,nan,nan,nan,nan,nan,nan,nan,nan,nan,nan,nan,nan
nan,nan,2.070000000000000000e+03,6.112870557219579268e+02,2.070000000000000000e+03,6.739939860616966598e+02,nan,nan,nan,nan,nan,nan,nan,nan,nan,nan,nan,nan,nan,nan,nan,nan,nan,nan,nan,nan,nan,nan,nan,nan
nan,nan,2.071000000000000000e+03,6.160635237339404284e+02,2.071000000000000000e+03,6.803746072097571869e+02,nan,nan,nan,nan,nan,nan,nan,nan,nan,nan,nan,nan,nan,nan,nan,nan,nan,nan,nan,nan,nan,nan,nan,nan
nan,nan,2.072000000000000000e+03,6.208500594131759271e+02,2.072000000000000000e+03,6.866533849079987704e+02,nan,nan,nan,nan,nan,nan,nan,nan,nan,nan,nan,nan,nan,nan,nan,nan,nan,nan,nan,nan,nan,nan,nan,nan
nan,nan,2.073000000000000000e+03,6.257210552300690551e+02,2.073000000000000000e+03,6.930669304416231853e+02,nan,nan,nan,nan,nan,nan,nan,nan,nan,nan,nan,nan,nan,nan,nan,nan,nan,nan,nan,nan,nan,nan,nan,nan
nan,nan,2.074000000000000000e+03,6.306341992845651703e+02,2.074000000000000000e+03,7.003179632682804368e+02,nan,nan,nan,nan,nan,nan,nan,nan,nan,nan,nan,nan,nan,nan,nan,nan,nan,nan,nan,nan,nan,nan,nan,nan
nan,nan,2.075000000000000000e+03,6.355916192039196631e+02,2.075000000000000000e+03,7.072426423744271915e+02,nan,nan,nan,nan,nan,nan,nan,nan,nan,nan,nan,nan,nan,nan,nan,nan,nan,nan,nan,nan,nan,nan,nan,nan
nan,nan,2.076000000000000000e+03,6.405707043179280618e+02,2.076000000000000000e+03,7.136628184148759146e+02,nan,nan,nan,nan,nan,nan,nan,nan,nan,nan,nan,nan,nan,nan,nan,nan,nan,nan,nan,nan,nan,nan,nan,nan
nan,nan,2.077000000000000000e+03,6.456082528730465810e+02,2.077000000000000000e+03,7.201252752525421101e+02,nan,nan,nan,nan,nan,nan,nan,nan,nan,nan,nan,nan,nan,nan,nan,nan,nan,nan,nan,nan,nan,nan,nan,nan
nan,nan,2.078000000000000000e+03,6.507025771309906759e+02,2.078000000000000000e+03,7.266318912286558316e+02,nan,nan,nan,nan,nan,nan,nan,nan,nan,nan,nan,nan,nan,nan,nan,nan,nan,nan,nan,nan,nan,nan,nan,nan
nan,nan,2.079000000000000000e+03,6.557969778496001254e+02,2.079000000000000000e+03,7.331604231350518148e+02,nan,nan,nan,nan,nan,nan,nan,nan,nan,nan,nan,nan,nan,nan,nan,nan,nan,nan,nan,nan,nan,nan,nan,nan
nan,nan,2.080000000000000000e+03,6.609618935613520989e+02,2.080000000000000000e+03,7.400733621691964572e+02,nan,nan,nan,nan,nan,nan,nan,nan,nan,nan,nan,nan,nan,nan,nan,nan,nan,nan,nan,nan,nan,nan,nan,nan
nan,nan,2.081000000000000000e+03,6.663083751553820093e+02,2.081000000000000000e+03,7.471347569143432565e+02,nan,nan,nan,nan,nan,nan,nan,nan,nan,nan,nan,nan,nan,nan,nan,nan,nan,nan,nan,nan,nan,nan,nan,nan
nan,nan,2.082000000000000000e+03,6.716066161992309844e+02,2.082000000000000000e+03,7.542857155593626430e+02,nan,nan,nan,nan,nan,nan,nan,nan,nan,nan,nan,nan,nan,nan,nan,nan,nan,nan,nan,nan,nan,nan,nan,nan
nan,nan,2.083000000000000000e+03,6.768578706524631343e+02,2.083000000000000000e+03,7.614792005064433624e+02,nan,nan,nan,nan,nan,nan,nan,nan,nan,nan,nan,nan,nan,nan,nan,nan,nan,nan,nan,nan,nan,nan,nan,nan
nan,nan,2.084000000000000000e+03,6.822332479728054295e+02,2.084000000000000000e+03,7.687712094608655207e+02,nan,nan,nan,nan,nan,nan,nan,nan,nan,nan,nan,nan,nan,nan,nan,nan,nan,nan,nan,nan,nan,nan,nan,nan
nan,nan,2.085000000000000000e+03,6.876663231541765526e+02,2.085000000000000000e+03,7.760632223713702160e+02,nan,nan,nan,nan,nan,nan,nan,nan,nan,nan,nan,nan,nan,nan,nan,nan,nan,nan,nan,nan,nan,nan,nan,nan
nan,nan,2.086000000000000000e+03,6.931788457083218873e+02,2.086000000000000000e+03,7.833389015848662211e+02,nan,nan,nan,nan,nan,nan,nan,nan,nan,nan,nan,nan,nan,nan,nan,nan,nan,nan,nan,nan,nan,nan,nan,nan
nan,nan,2.087000000000000000e+03,6.987199955062793606e+02,2.087000000000000000e+03,7.909119769347977353e+02,nan,nan,nan,nan,nan,nan,nan,nan,nan,nan,nan,nan,nan,nan,nan,nan,nan,nan,nan,nan,nan,nan,nan,nan
nan,nan,2.088000000000000000e+03,7.043547526448388680e+02,2.088000000000000000e+03,7.985426738620445803e+02,nan,nan,nan,nan,nan,nan,nan,nan,nan,nan,nan,nan,nan,nan,nan,nan,nan,nan,nan,nan,nan,nan,nan,nan
nan,nan,2.089000000000000000e+03,7.100016491237397531e+02,2.089000000000000000e+03,8.061821548758443896e+02,nan,nan,nan,nan,nan,nan,nan,nan,nan,nan,nan,nan,nan,nan,nan,nan,nan,nan,nan,nan,nan,nan,nan,nan
nan,nan,2.090000000000000000e+03,7.157444876817995691e+02,2.090000000000000000e+03,8.137265650060018061e+02,nan,nan,nan,nan,nan,nan,nan,nan,nan,nan,nan,nan,nan,nan,nan,nan,nan,nan,nan,nan,nan,nan,nan,nan
nan,nan,2.091000000000000000e+03,7.215088768046130099e+02,2.091000000000000000e+03,8.217434658046249751e+02,nan,nan,nan,nan,nan,nan,nan,nan,nan,nan,nan,nan,nan,nan,nan,nan,nan,nan,nan,nan,nan,nan,nan,nan
nan,nan,2.092000000000000000e+03,7.273345597333584465e+02,2.092000000000000000e+03,8.298713083333211671e+02,nan,nan,nan,nan,nan,nan,nan,nan,nan,nan,nan,nan,nan,nan,nan,nan,nan,nan,nan,nan,nan,nan,nan,nan
nan,nan,2.093000000000000000e+03,7.331603234576340355e+02,2.093000000000000000e+03,8.381216564533507380e+02,nan,nan,nan,nan,nan,nan,nan,nan,nan,nan,nan,nan,nan,nan,nan,nan,nan,nan,nan,nan,nan,nan,nan,nan
nan,nan,2.094000000000000000e+03,7.390689051655921276e+02,2.094000000000000000e+03,8.463433403243657267e+02,nan,nan,nan,nan,nan,nan,nan,nan,nan,nan,nan,nan,nan,nan,nan,nan,nan,nan,nan,nan,nan,nan,nan,nan
nan,nan,2.095000000000000000e+03,7.449988939711026887e+02,2.095000000000000000e+03,8.546912938949537875e+02,nan,nan,nan,nan,nan,nan,nan,nan,nan,nan,nan,nan,nan,nan,nan,nan,nan,nan,nan,nan,nan,nan,nan,nan
nan,nan,2.096000000000000000e+03,7.510517183841836868e+02,2.096000000000000000e+03,8.630786386687038885e+02,nan,nan,nan,nan,nan,nan,nan,nan,nan,nan,nan,nan,nan,nan,nan,nan,nan,nan,nan,nan,nan,nan,nan,nan
nan,nan,2.097000000000000000e+03,7.572448891051213877e+02,2.097000000000000000e+03,8.715524058947617050e+02,nan,nan,nan,nan,nan,nan,nan,nan,nan,nan,nan,nan,nan,nan,nan,nan,nan,nan,nan,nan,nan,nan,nan,nan
nan,nan,2.098000000000000000e+03,7.634380916068516854e+02,2.098000000000000000e+03,8.800479600624775003e+02,nan,nan,nan,nan,nan,nan,nan,nan,nan,nan,nan,nan,nan,nan,nan,nan,nan,nan,nan,nan,nan,nan,nan,nan
nan,nan,2.099000000000000000e+03,7.696461297148964604e+02,2.099000000000000000e+03,8.886514520681837439e+02,nan,nan,nan,nan,nan,nan,nan,nan,nan,nan,nan,nan,nan,nan,nan,nan,nan,nan,nan,nan,nan,nan,nan,nan
