2.015000000000000000e+03,3.998889345180481314e+02,1.850000000000000000e+03,2.924119303609157328e+02,1.850000000000000000e+03,2.843007825791084429e+02,2.015000000000000000e+03,1.221246676825919142e+00,2.015000000000000000e+03,9.782327483379200661e-01,2.015000000000000000e+03,1.536992152257965705e+00,2.015000000000000000e+03,8.052670629177757888e+00,2.015000000000000000e+03,8.038493076965998796e+00,2.015000000000000000e+03,8.064204434669521859e+00,2.015000000000000000e+03,2.369432075318507636e+00,2.015000000000000000e+03,1.766989135458582050e+00,2.015000000000000000e+03,2.784129020926941589e+00,2.015000000000000000e+03,3.207451177379378571e+00,2.015000000000000000e+03,1.319911040684949466e+00,2.015000000000000000e+03,6.741595994422762139e+00
2.016000000000000000e+03,4.025619538147441290e+02,1.851000000000000000e+03,2.925073112071889341e+02,1.851000000000000000e+03,2.845487250896131286e+02,2.016000000000000000e+03,1.235146014077679544e+00,2.016000000000000000e+03,9.778744374859121846e-01,2.016000000000000000e+03,1.507391303176373487e+00,2.016000000000000000e+03,8.050954938910271252e+00,2.016000000000000000e+03,8.036695888954215050e+00,2.016000000000000000e+03,8.062470249912612630e+00,2.016000000000000000e+03,2.468239376232896909e+00,2.016000000000000000e+03,1.868805687869295351e+00,2.016000000000000000e+03,2.879055935058860261e+00,2.016000000000000000e+03,3.505430667792338362e+00,2.016000000000000000e+03,-8.974701319160938162e-01,2.016000000000000000e+03,8.969564550420209059e+00
2.017000000000000000e+03,4.054078195458276355e+02,1.852000000000000000e+03,2.926026920534620785e+02,1.852000000000000000e+03,2.848010552988467339e+02,2.017000000000000000e+03,1.273270425916397386e+00,2.017000000000000000e+03,1.036182332741918621e+00,2.017000000000000000e+03,1.532728319896774716e+00,2.017000000000000000e+03,8.048578292768258535e+00,2.017000000000000000e+03,8.033941576213367242e+00,2.017000000000000000e+03,8.060413007420759612e+00,2.017000000000000000e+03,2.468347615101396997e+00,2.017000000000000000e+03,1.821859102322172186e+00,2.017000000000000000e+03,2.877339790123810026e+00,2.017000000000000000e+03,4.192226439650473147e+00,2.017000000000000000e+03,-3.619494216912869655e-01,2.017000000000000000e+03,7.717273381382193875e+00
2.018000000000000000e+03,4.081638281007654996e+02,1.853000000000000000e+03,2.927801814021744349e+02,1.853000000000000000e+03,2.850528597400024751e+02,2.018000000000000000e+03,1.287426149718143842e+00,2.018000000000000000e+03,1.104368615949783639e+00,2.018000000000000000e+03,1.633583583993318378e+00,2.018000000000000000e+03,8.046490894081884448e+00,2.018000000000000000e+03,8.031170580330636355e+00,2.018000000000000000e+03,8.058334023407720537e+00,2.018000000000000000e+03,2.468312969431717629e+00,2.018000000000000000e+03,1.711750118804178600e+00,2.018000000000000000e+03,2.974806458709601475e+00,2.018000000000000000e+03,4.267971580260225828e+00,2.018000000000000000e+03,-1.732691740101696132e-01,2.018000000000000000e+03,8.693146948837915389e+00
2.019000000000000000e+03,4.110025108243541467e+02,1.854000000000000000e+03,2.929519647255507948e+02,1.854000000000000000e+03,2.852768204069243438e+02,2.019000000000000000e+03,1.334905504181642000e+00,2.019000000000000000e+03,1.128735859583070766e+00,2.019000000000000000e+03,1.626601595865383221e+00,2.019000000000000000e+03,8.043752268270109695e+00,2.019000000000000000e+03,8.027867745245751863e+00,2.019000000000000000e+03,8.056262612972982851e+00,2.019000000000000000e+03,2.458419074858875675e+00,2.019000000000000000e+03,1.782706470178987201e+00,2.019000000000000000e+03,3.006072400329431460e+00,2.019000000000000000e+03,4.616003138042118259e+00,2.019000000000000000e+03,5.837185693270623421e-01,2.019000000000000000e+03,1.051435192690510689e+01
2.020000000000000000e+03,4.138196173981251036e+02,1.855000000000000000e+03,2.931489994261568768e+02,1.855000000000000000e+03,2.854221941623417820e+02,2.020000000000000000e+03,1.387306101214616172e+00,2.020000000000000000e+03,1.106591782945798741e+00,2.020000000000000000e+03,1.651188154765575566e+00,2.020000000000000000e+03,8.041338271366932133e+00,2.020000000000000000e+03,8.026100721002293881e+00,2.020000000000000000e+03,8.053903680407710652e+00,2.020000000000000000e+03,2.596750517307924166e+00,2.020000000000000000e+03,1.964691936260437366e+00,2.020000000000000000e+03,3.061023468949604531e+00,2.020000000000000000e+03,3.856292008498741097e+00,2.020000000000000000e+03,-9.252414298641675749e-01,2.020000000000000000e+03,7.722223511005218199e+00
2.021000000000000000e+03,4.166032426829034989e+02,1.856000000000000000e+03,2.933014821017163740e+02,1.856000000000000000e+03,2.855873368359590359e+02,2.021000000000000000e+03,1.406146592389649008e+00,2.021000000000000000e+03,1.162630025003795975e+00,2.021000000000000000e+03,1.696452518082562699e+00,2.021000000000000000e+03,8.038949513650761602e+00,2.021000000000000000e+03,8.023669729001831286e+00,2.021000000000000000e+03,8.051809852142712387e+00,2.021000000000000000e+03,2.705401487462725463e+00,2.021000000000000000e+03,1.972546792670055060e+00,2.021000000000000000e+03,3.266829035503899803e+00,2.021000000000000000e+03,4.770785881604002299e+00,2.021000000000000000e+03,-5.139081794583950646e-01,2.021000000000000000e+03,7.496611295520584584e+00
2.022000000000000000e+03,4.193854947551360510e+02,1.857000000000000000e+03,2.934256183630977830e+02,1.857000000000000000e+03,2.857601655719321343e+02,2.022000000000000000e+03,1.429849180009329812e+00,2.022000000000000000e+03,1.143095856033337299e+00,2.022000000000000000e+03,1.830038953832337612e+00,2.022000000000000000e+03,8.036560755934592848e+00,2.022000000000000000e+03,8.020901474263078867e+00,2.022000000000000000e+03,8.049062798149705600e+00,2.022000000000000000e+03,2.636792734313318398e+00,2.022000000000000000e+03,2.081466079906586941e+00,2.022000000000000000e+03,3.079914618903356605e+00,2.022000000000000000e+03,4.750496695417645299e+00,2.022000000000000000e+03,-6.479271251363541984e-01,2.022000000000000000e+03,1.037289946997024614e+01
2.023000000000000000e+03,4.220872826383087499e+02,1.858000000000000000e+03,2.935496394853098536e+02,1.858000000000000000e+03,2.859544733949930446e+02,2.023000000000000000e+03,1.458774434120950092e+00,2.023000000000000000e+03,1.126404701372895278e+00,2.023000000000000000e+03,1.790960849490017992e+00,2.023000000000000000e+03,8.033803881320567442e+00,2.023000000000000000e+03,8.017867943840633060e+00,2.023000000000000000e+03,8.046650179752427690e+00,2.023000000000000000e+03,2.577062710858961214e+00,2.023000000000000000e+03,2.125376388051971155e+00,2.023000000000000000e+03,3.130394005228057441e+00,2.023000000000000000e+03,6.320144909864748861e+00,2.023000000000000000e+03,2.105054810154163736e+00,2.023000000000000000e+03,1.212026457707619009e+01
2.024000000000000000e+03,4.247054728286437921e+02,1.859000000000000000e+03,2.936196118918874163e+02,1.859000000000000000e+03,2.861203759224177361e+02,2.024000000000000000e+03,1.501214243997769815e+00,2.024000000000000000e+03,1.191970590718230083e+00,2.024000000000000000e+03,1.848592210977951789e+00,2.024000000000000000e+03,8.031062217336184972e+00,2.024000000000000000e+03,8.015557196790663141e+00,2.024000000000000000e+03,8.043956343033361378e+00,2.024000000000000000e+03,2.587012160530119065e+00,2.024000000000000000e+03,2.073453757263593822e+00,2.024000000000000000e+03,3.050953073276974514e+00,2.024000000000000000e+03,4.154576134600096005e+00,2.024000000000000000e+03,4.002798739622231428e-01,2.024000000000000000e+03,1.004613972743256411e+01
2.025000000000000000e+03,4.272632484048631909e+02,1.860000000000000000e+03,2.937465666039853431e+02,1.860000000000000000e+03,2.862896616056385710e+02,2.025000000000000000e+03,1.539295844349759745e+00,2.025000000000000000e+03,1.196319250643217647e+00,2.025000000000000000e+03,1.803226813979974974e+00,2.025000000000000000e+03,8.029006259726351402e+00,2.025000000000000000e+03,8.014465093333988932e+00,2.025000000000000000e+03,8.041899048411581319e+00,2.025000000000000000e+03,2.606784113197441410e+00,2.025000000000000000e+03,2.005111099635032534e+00,2.025000000000000000e+03,3.146142387234112547e+00,2.025000000000000000e+03,4.370323212185784456e+00,2.025000000000000000e+03,-2.744750626440354946e+00,2.025000000000000000e+03,9.563576931246963397e+00
2.026000000000000000e+03,4.297705222212648550e+02,1.861000000000000000e+03,2.938483910064142606e+02,1.861000000000000000e+03,2.864590096885490880e+02,2.026000000000000000e+03,1.548613591273418244e+00,2.026000000000000000e+03,1.306158337772472589e+00,2.026000000000000000e+03,1.906770507302366413e+00,2.026000000000000000e+03,8.026950429241749063e+00,2.026000000000000000e+03,8.012365213045738344e+00,2.026000000000000000e+03,8.039890117861185459e+00,2.026000000000000000e+03,2.577215623708355441e+00,2.026000000000000000e+03,1.871759112754799892e+00,2.026000000000000000e+03,3.310792678248383858e+00,2.026000000000000000e+03,4.390545823346096554e+00,2.026000000000000000e+03,-6.498734890451309809e-01,2.026000000000000000e+03,1.040551421949883171e+01
2.027000000000000000e+03,4.321883260710283707e+02,1.862000000000000000e+03,2.939689507140568026e+02,1.862000000000000000e+03,2.866316212443678069e+02,2.027000000000000000e+03,1.553606073353511530e+00,2.027000000000000000e+03,1.246004890540111321e+00,2.027000000000000000e+03,1.998538992036811290e+00,2.027000000000000000e+03,8.025249349071112093e+00,2.027000000000000000e+03,8.009592800046361205e+00,2.027000000000000000e+03,8.038412708420406005e+00,2.027000000000000000e+03,2.754123263053608994e+00,2.027000000000000000e+03,1.999056280183755696e+00,2.027000000000000000e+03,3.801626308205010574e+00,2.027000000000000000e+03,4.791215214341768558e+00,2.027000000000000000e+03,4.915450444286334486e-01,2.027000000000000000e+03,1.049861742897143913e+01
2.028000000000000000e+03,4.345803552318992047e+02,1.863000000000000000e+03,2.940201221100105045e+02,1.863000000000000000e+03,2.867691768553179372e+02,2.028000000000000000e+03,1.605903173565075281e+00,2.028000000000000000e+03,1.317765035181941435e+00,2.028000000000000000e+03,2.031238002487868233e+00,2.028000000000000000e+03,8.022477821922267438e+00,2.028000000000000000e+03,8.006951783533036604e+00,2.028000000000000000e+03,8.035706683453870625e+00,2.028000000000000000e+03,2.616282664635225519e+00,2.028000000000000000e+03,1.916029029619823243e+00,2.028000000000000000e+03,3.116536824892891744e+00,2.028000000000000000e+03,4.853942756270952508e+00,2.028000000000000000e+03,-9.038741725625422108e-01,2.028000000000000000e+03,9.522785475049726500e+00
2.029000000000000000e+03,4.369146870267011309e+02,1.864000000000000000e+03,2.940202800487159607e+02,1.864000000000000000e+03,2.869699635694621520e+02,2.029000000000000000e+03,1.605942350729438584e+00,2.029000000000000000e+03,1.220812072916841906e+00,2.029000000000000000e+03,1.885714660925375208e+00,2.029000000000000000e+03,8.020429756614188221e+00,2.029000000000000000e+03,8.005573259636411976e+00,2.029000000000000000e+03,8.033607884818684042e+00,2.029000000000000000e+03,2.606833223669905664e+00,2.029000000000000000e+03,1.955071794287476905e+00,2.029000000000000000e+03,3.246527523469708409e+00,2.029000000000000000e+03,6.549424241893847309e+00,2.029000000000000000e+03,8.740075472294317471e-01,2.029000000000000000e+03,1.102270447230041484e+01
2.030000000000000000e+03,4.391588500469879932e+02,1.865000000000000000e+03,2.940456061273823707e+02,1.865000000000000000e+03,2.871359666042973231e+02,2.030000000000000000e+03,1.619844043803046807e+00,2.030000000000000000e+03,1.286984001615396611e+00,2.030000000000000000e+03,1.952548805650011099e+00,2.030000000000000000e+03,8.018381691306109005e+00,2.030000000000000000e+03,8.003814075375734305e+00,2.030000000000000000e+03,8.030963124671028908e+00,2.030000000000000000e+03,2.606853395437329635e+00,2.030000000000000000e+03,1.968903252588844577e+00,2.030000000000000000e+03,3.206904328026092710e+00,2.030000000000000000e+03,4.453639387216686174e+00,2.030000000000000000e+03,8.282720375968677384e-02,2.030000000000000000e+03,9.811125870448060837e+00
2.031000000000000000e+03,4.413851751747517369e+02,1.866000000000000000e+03,2.940710408582784794e+02,1.866000000000000000e+03,2.872804323790987837e+02,2.031000000000000000e+03,1.653387524095622396e+00,2.031000000000000000e+03,1.346505039256711500e+00,2.031000000000000000e+03,2.020285497520747597e+00,2.031000000000000000e+03,8.016665599690606214e+00,2.031000000000000000e+03,8.001378291000589726e+00,2.031000000000000000e+03,8.029584565510271332e+00,2.031000000000000000e+03,2.626229322460098548e+00,2.031000000000000000e+03,2.019157541710614900e+00,2.031000000000000000e+03,3.308785811599307181e+00,2.031000000000000000e+03,4.617028847830075833e+00,2.031000000000000000e+03,-3.179931023573533411e-01,2.031000000000000000e+03,8.321260761367325287e+00
2.032000000000000000e+03,4.435546630251390070e+02,1.867000000000000000e+03,2.941408695917731393e+02,1.867000000000000000e+03,2.873323404146768780e+02,2.032000000000000000e+03,1.677012427456531229e+00,2.032000000000000000e+03,1.362886752819488567e+00,2.032000000000000000e+03,2.042216720939187713e+00,2.032000000000000000e+03,8.014271001628989310e+00,2.032000000000000000e+03,7.998697679814047667e+00,2.032000000000000000e+03,8.027811938088296628e+00,2.032000000000000000e+03,2.587007806947609012e+00,2.032000000000000000e+03,1.923348275283166542e+00,2.032000000000000000e+03,3.142108632184045458e+00,2.032000000000000000e+03,5.160509200911963745e+00,2.032000000000000000e+03,1.990397116456409821e+00,2.032000000000000000e+03,9.437286893293080681e+00
2.033000000000000000e+03,4.456046196302089584e+02,1.868000000000000000e+03,2.941916997080949727e+02,1.868000000000000000e+03,2.874465127286352413e+02,2.033000000000000000e+03,1.686614873787280366e+00,2.033000000000000000e+03,1.232676179212268686e+00,2.033000000000000000e+03,2.101709603688779904e+00,2.033000000000000000e+03,8.012563364386126707e+00,2.033000000000000000e+03,7.996640632293755324e+00,2.033000000000000000e+03,8.025473215335500399e+00,2.033000000000000000e+03,2.665903078305290386e+00,2.033000000000000000e+03,1.930058275018508018e+00,2.033000000000000000e+03,3.321450833646632184e+00,2.033000000000000000e+03,5.678631368778291666e+00,2.033000000000000000e+03,-1.973380590457943784e-01,2.033000000000000000e+03,1.491299068150952323e+01
2.034000000000000000e+03,4.476003832053859810e+02,1.869000000000000000e+03,2.942679136375226676e+02,1.869000000000000000e+03,2.875334358816983240e+02,2.034000000000000000e+03,1.719925288369087424e+00,2.034000000000000000e+03,1.207137670062424339e+00,2.034000000000000000e+03,2.193594959113034815e+00,2.034000000000000000e+03,8.010848693172038182e+00,2.034000000000000000e+03,7.995005036321733094e+00,2.034000000000000000e+03,8.024045889399552323e+00,2.034000000000000000e+03,2.626175056870319491e+00,2.034000000000000000e+03,2.009123612403329595e+00,2.034000000000000000e+03,3.173050959904463841e+00,2.034000000000000000e+03,6.513623708786884237e+00,2.034000000000000000e+03,2.256879972969904280e+00,2.034000000000000000e+03,1.264672573556966029e+01
2.035000000000000000e+03,4.495168107316970350e+02,1.870000000000000000e+03,2.943440908386384649e+02,1.870000000000000000e+03,2.876410252358323874e+02,2.035000000000000000e+03,1.724683105099162228e+00,2.035000000000000000e+03,1.285254444571288790e+00,2.035000000000000000e+03,2.247389184006440832e+00,2.035000000000000000e+03,8.009134021957951433e+00,2.035000000000000000e+03,7.994271584553152010e+00,2.035000000000000000e+03,8.022019793239982377e+00,2.035000000000000000e+03,2.567124612610454104e+00,2.035000000000000000e+03,1.921924326832727736e+00,2.035000000000000000e+03,3.099464335645982338e+00,2.035000000000000000e+03,4.465277217169873580e+00,2.035000000000000000e+03,2.086077984281242692e-01,2.035000000000000000e+03,8.324563592761915487e+00
2.036000000000000000e+03,4.513157719294378012e+02,1.871000000000000000e+03,2.944140632127816843e+02,1.871000000000000000e+03,2.877810463483892818e+02,2.036000000000000000e+03,1.791106666298293071e+00,2.036000000000000000e+03,1.442984523289618792e+00,2.036000000000000000e+03,2.308392116745312528e+00,2.036000000000000000e+03,8.007419350743864683e+00,2.036000000000000000e+03,7.992885283101473171e+00,2.036000000000000000e+03,8.020354198747948971e+00,2.036000000000000000e+03,2.537793687493571593e+00,2.036000000000000000e+03,1.897357856490490047e+00,2.036000000000000000e+03,3.028226010002074364e+00,2.036000000000000000e+03,4.452089958724124941e+00,2.036000000000000000e+03,-5.335418294216863755e-01,2.036000000000000000e+03,1.089532117935273270e+01
2.037000000000000000e+03,4.530881372059301953e+02,1.872000000000000000e+03,2.945157263143429418e+02,1.872000000000000000e+03,2.879215987163333921e+02,2.037000000000000000e+03,1.805187586209579198e+00,2.037000000000000000e+03,1.424173894554276343e+00,2.037000000000000000e+03,2.237753837578448035e+00,2.037000000000000000e+03,8.006035288098324543e+00,2.037000000000000000e+03,7.991087951380674070e+00,2.037000000000000000e+03,8.019285143387872239e+00,2.037000000000000000e+03,2.517468949946157775e+00,2.037000000000000000e+03,1.807789039995378211e+00,2.037000000000000000e+03,3.214166891135125326e+00,2.037000000000000000e+03,5.180333252350983742e+00,2.037000000000000000e+03,-1.846441577297528003e+00,2.037000000000000000e+03,1.384136138772251812e+01
2.038000000000000000e+03,4.547452209555341938e+02,1.873000000000000000e+03,2.946428289829850087e+02,1.873000000000000000e+03,2.881224674673748609e+02,2.038000000000000000e+03,1.805228671322058887e+00,2.038000000000000000e+03,1.410755658690689751e+00,2.038000000000000000e+03,2.250036075387790380e+00,2.038000000000000000e+03,8.003982242170584627e+00,2.038000000000000000e+03,7.988477745001365093e+00,2.038000000000000000e+03,8.017540487546142458e+00,2.038000000000000000e+03,2.477914060387552020e+00,2.038000000000000000e+03,1.653241414929791375e+00,2.038000000000000000e+03,3.038202471574219743e+00,2.038000000000000000e+03,6.106366727599894517e+00,2.038000000000000000e+03,1.366472982683701654e+00,2.038000000000000000e+03,1.017579228538543568e+01
2.039000000000000000e+03,4.563517927583922074e+02,1.874000000000000000e+03,2.947381244679637007e+02,1.874000000000000000e+03,2.883168193424653509e+02,2.039000000000000000e+03,1.819434552904534153e+00,2.039000000000000000e+03,1.404758390662121492e+00,2.039000000000000000e+03,2.345604165044332223e+00,2.039000000000000000e+03,8.002943649810562832e+00,2.039000000000000000e+03,7.987508921918358595e+00,2.039000000000000000e+03,8.015530433542037869e+00,2.039000000000000000e+03,2.567066391272095682e+00,2.039000000000000000e+03,1.747227323205073901e+00,2.039000000000000000e+03,3.347223392890948723e+00,2.039000000000000000e+03,5.501067775422112227e+00,2.039000000000000000e+03,9.862765148786187819e-01,2.039000000000000000e+03,1.216155856332579255e+01
2.040000000000000000e+03,4.578694646832392436e+02,1.875000000000000000e+03,2.948144955728943728e+02,1.875000000000000000e+03,2.885433110685871156e+02,2.040000000000000000e+03,1.809929727672818567e+00,2.040000000000000000e+03,1.384890069078473562e+00,2.040000000000000000e+03,2.329003693953111132e+00,2.040000000000000000e+03,8.001904103091689535e+00,2.040000000000000000e+03,7.987388068256803031e+00,2.040000000000000000e+03,8.014138830793086754e+00,2.040000000000000000e+03,2.557177846978523128e+00,2.040000000000000000e+03,1.734062219394503668e+00,2.040000000000000000e+03,3.126144511603365483e+00,2.040000000000000000e+03,5.399012058477488551e+00,2.040000000000000000e+03,6.782446139676282515e-01,2.040000000000000000e+03,1.093838893359673570e+01
2.041000000000000000e+03,4.593037840069838467e+02,1.876000000000000000e+03,2.948908002499128997e+02,1.876000000000000000e+03,2.887703095627012431e+02,2.041000000000000000e+03,1.833656607039391151e+00,2.041000000000000000e+03,1.360242433267037976e+00,2.041000000000000000e+03,2.288532699148080329e+00,2.041000000000000000e+03,7.999856580342391332e+00,2.041000000000000000e+03,7.985641056589367182e+00,2.041000000000000000e+03,8.012465439293929848e+00,2.041000000000000000e+03,2.418908057036034176e+00,2.041000000000000000e+03,1.810451036445460904e+00,2.041000000000000000e+03,2.987933917527991312e+00,2.041000000000000000e+03,6.086636624172681032e+00,2.041000000000000000e+03,4.729975141668178451e-01,2.041000000000000000e+03,9.193405474754387185e+00
2.042000000000000000e+03,4.606848074040833581e+02,1.877000000000000000e+03,2.949606744926928172e+02,1.877000000000000000e+03,2.889651068632583701e+02,2.042000000000000000e+03,1.857383486405963735e+00,2.042000000000000000e+03,1.448430266870171179e+00,2.042000000000000000e+03,2.336953987359908780e+00,2.042000000000000000e+03,7.998839609375698601e+00,2.042000000000000000e+03,7.983258323185788541e+00,2.042000000000000000e+03,8.011032753555770825e+00,2.042000000000000000e+03,2.389411071273914278e+00,2.042000000000000000e+03,1.678617158152526656e+00,2.042000000000000000e+03,3.038814571840098289e+00,2.042000000000000000e+03,4.586372026782534306e+00,2.042000000000000000e+03,3.088724256365892873e-01,2.042000000000000000e+03,1.037525807561375046e+01
2.043000000000000000e+03,4.619744729728944321e+02,1.878000000000000000e+03,2.950369580257476514e+02,1.878000000000000000e+03,2.891348341681651846e+02,2.043000000000000000e+03,1.890780896311410997e+00,2.043000000000000000e+03,1.496358621460472271e+00,2.043000000000000000e+03,2.337472131350393667e+00,2.043000000000000000e+03,7.997118080453076594e+00,2.043000000000000000e+03,7.981304084227901718e+00,2.043000000000000000e+03,8.009101247012093694e+00,2.043000000000000000e+03,2.340110885032251620e+00,2.043000000000000000e+03,1.709832822158334764e+00,2.043000000000000000e+03,2.842783071750403678e+00,2.043000000000000000e+03,5.437958500652053218e+00,2.043000000000000000e+03,1.622010005004765665e+00,2.043000000000000000e+03,1.003372451720084690e+01
2.044000000000000000e+03,4.632136375914971040e+02,1.879000000000000000e+03,2.951132627027661215e+02,1.879000000000000000e+03,2.893041822510757584e+02,2.044000000000000000e+03,1.876540035407550100e+00,2.044000000000000000e+03,1.435102656813598720e+00,2.044000000000000000e+03,2.405043552127732909e+00,2.044000000000000000e+03,7.996090446043282007e+00,2.044000000000000000e+03,7.980970204995360362e+00,2.044000000000000000e+03,8.008663617710944038e+00,2.044000000000000000e+03,2.329756809316488653e+00,2.044000000000000000e+03,1.730190681858805757e+00,2.044000000000000000e+03,2.891087524573034973e+00,2.044000000000000000e+03,4.862179440772317562e+00,2.044000000000000000e+03,6.539812496720478485e-01,2.044000000000000000e+03,9.082944215998489668e+00
2.045000000000000000e+03,4.643649625326828527e+02,1.880000000000000000e+03,2.951894398050656605e+02,1.880000000000000000e+03,2.894980740363345717e+02,2.045000000000000000e+03,1.886120360722966405e+00,2.045000000000000000e+03,1.435935978743235086e+00,2.045000000000000000e+03,2.427069378412217926e+00,2.045000000000000000e+03,7.995406280547024735e+00,2.045000000000000000e+03,7.980515853332359022e+00,2.045000000000000000e+03,8.007364252664336490e+00,2.045000000000000000e+03,2.310027773600180190e+00,2.045000000000000000e+03,1.602729980271025978e+00,2.045000000000000000e+03,2.798360726843790669e+00,2.045000000000000000e+03,4.370452708574182665e+00,2.045000000000000000e+03,-1.870539061152436844e+00,2.045000000000000000e+03,1.104351381087038142e+01
2.046000000000000000e+03,4.654384527032200367e+02,1.881000000000000000e+03,2.952847939664232513e+02,1.881000000000000000e+03,2.896998185453798555e+02,2.046000000000000000e+03,1.923979554338943521e+00,2.046000000000000000e+03,1.389857073370543983e+00,2.046000000000000000e+03,2.484924112022134590e+00,2.046000000000000000e+03,7.994041276544161967e+00,2.046000000000000000e+03,7.978512621531437254e+00,2.046000000000000000e+03,8.006641066161821030e+00,2.046000000000000000e+03,2.329702295775823551e+00,2.046000000000000000e+03,1.452269403093986000e+00,2.046000000000000000e+03,3.194228349946477419e+00,2.046000000000000000e+03,4.596044672282304511e+00,2.046000000000000000e+03,7.910007797685121300e-01,2.046000000000000000e+03,9.265391778346725005e+00
2.047000000000000000e+03,4.664470489292134516e+02,1.882000000000000000e+03,2.953863473606172647e+02,1.882000000000000000e+03,2.899225353070198139e+02,2.047000000000000000e+03,1.923979554338943521e+00,2.047000000000000000e+03,1.435739100935698342e+00,2.047000000000000000e+03,2.481652143687002710e+00,2.047000000000000000e+03,7.993009479062482825e+00,2.047000000000000000e+03,7.977227408507590489e+00,2.047000000000000000e+03,8.005592174109922965e+00,2.047000000000000000e+03,2.270894353116702735e+00,2.047000000000000000e+03,1.607967438814670080e+00,2.047000000000000000e+03,2.852274657279021852e+00,2.047000000000000000e+03,5.192036857605489608e+00,2.047000000000000000e+03,1.716326162934785238e+00,2.047000000000000000e+03,9.552862488759645387e+00
2.048000000000000000e+03,4.673749240241402276e+02,1.883000000000000000e+03,2.954627463316441549e+02,1.883000000000000000e+03,2.900891702814822111e+02,2.048000000000000000e+03,1.957391286901923877e+00,2.048000000000000000e+03,1.553599060416069877e+00,2.048000000000000000e+03,2.396841352073640241e+00,2.048000000000000000e+03,7.991988166381470471e+00,2.048000000000000000e+03,7.977129473743237220e+00,2.048000000000000000e+03,8.004219627155643835e+00,2.048000000000000000e+03,2.230852805899107949e+00,2.048000000000000000e+03,1.507653618323213873e+00,2.048000000000000000e+03,2.763250409541804231e+00,2.048000000000000000e+03,5.273193088288167907e+00,2.048000000000000000e+03,1.000202906193512487e-01,2.048000000000000000e+03,1.087727443007636374e+01
2.049000000000000000e+03,4.682466869907195246e+02,1.884000000000000000e+03,2.955073602639021715e+02,1.884000000000000000e+03,2.902904053938168545e+02,2.049000000000000000e+03,1.952404960407408963e+00,2.049000000000000000e+03,1.372932712819826540e+00,2.049000000000000000e+03,2.551826004931942116e+00,2.049000000000000000e+03,7.991287934239588608e+00,2.049000000000000000e+03,7.975789360884637524e+00,2.049000000000000000e+03,8.002946593231685668e+00,2.049000000000000000e+03,2.171394738012464298e+00,2.049000000000000000e+03,1.342051499809380877e+00,2.049000000000000000e+03,2.716942739866696765e+00,2.049000000000000000e+03,4.514231100953417730e+00,2.049000000000000000e+03,-1.376530209642388147e+00,2.049000000000000000e+03,1.001481394192158803e+01
2.050000000000000000e+03,4.690382299177253458e+02,1.885000000000000000e+03,2.954821488366696940e+02,1.885000000000000000e+03,2.906196026418131737e+02,2.050000000000000000e+03,1.966714076739299877e+00,2.050000000000000000e+03,1.371255304477160930e+00,2.050000000000000000e+03,2.560487602548222164e+00,2.050000000000000000e+03,7.990609304540484459e+00,2.050000000000000000e+03,7.974795578677702501e+00,2.050000000000000000e+03,8.002849931109157211e+00,2.050000000000000000e+03,2.171405783972446102e+00,2.050000000000000000e+03,1.538660073543205664e+00,2.050000000000000000e+03,2.742355728960339967e+00,2.050000000000000000e+03,4.082256707434713583e+00,2.050000000000000000e+03,1.439289615741269790e+00,2.050000000000000000e+03,7.784626985875478411e+00
2.051000000000000000e+03,4.697443295606328775e+02,1.886000000000000000e+03,2.955074057740197304e+02,1.886000000000000000e+03,2.909085077338053225e+02,2.051000000000000000e+03,1.976035142209772610e+00,2.051000000000000000e+03,1.349119566605662568e+00,2.051000000000000000e+03,2.565145308595423668e+00,2.051000000000000000e+03,7.989909593390981613e+00,2.051000000000000000e+03,7.974168397212094916e+00,2.051000000000000000e+03,8.001566505929764261e+00,2.051000000000000000e+03,2.181313451413490423e+00,2.051000000000000000e+03,1.606025821487964578e+00,2.051000000000000000e+03,2.816798631720749846e+00,2.051000000000000000e+03,4.554424051193606715e+00,2.051000000000000000e+03,6.894805842555560282e-01,2.051000000000000000e+03,8.318850651422730280e+00
2.052000000000000000e+03,4.703855333940693413e+02,1.887000000000000000e+03,2.955074821736939725e+02,1.887000000000000000e+03,2.910760577538962366e+02,2.052000000000000000e+03,1.947699433767852373e+00,2.052000000000000000e+03,1.360090612556545953e+00,2.052000000000000000e+03,2.621395758801902343e+00,2.052000000000000000e+03,7.989576022316043691e+00,2.052000000000000000e+03,7.974403982971264071e+00,2.052000000000000000e+03,8.001491287775808203e+00,2.052000000000000000e+03,2.152018895081441840e+00,2.052000000000000000e+03,1.491403166119461776e+00,2.052000000000000000e+03,2.657330102173393271e+00,2.052000000000000000e+03,5.458744791057576151e+00,2.052000000000000000e+03,1.736858312431706519e+00,2.052000000000000000e+03,1.105070311575108555e+01
2.053000000000000000e+03,4.709762772627445315e+02,1.888000000000000000e+03,2.955328533001521123e+02,1.888000000000000000e+03,2.912133873388063421e+02,2.053000000000000000e+03,1.943076130668023316e+00,2.053000000000000000e+03,1.486189156231251696e+00,2.053000000000000000e+03,2.550441217515822867e+00,2.053000000000000000e+03,7.988555230826467124e+00,2.053000000000000000e+03,7.973361999448002280e+00,2.053000000000000000e+03,8.000474232345116121e+00,2.053000000000000000e+03,2.092917512191085905e+00,2.053000000000000000e+03,1.484994879187755412e+00,2.053000000000000000e+03,2.569815460126404716e+00,2.053000000000000000e+03,5.161842993152621517e+00,2.053000000000000000e+03,-2.349907835458140137e-01,2.053000000000000000e+03,1.120801116466590486e+01
2.054000000000000000e+03,4.715159416163779156e+02,1.889000000000000000e+03,2.955835868793946020e+02,1.889000000000000000e+03,2.913571764105444117e+02,2.054000000000000000e+03,1.943118718232980768e+00,2.054000000000000000e+03,1.355903888796809342e+00,2.054000000000000000e+03,2.550387615211805681e+00,2.054000000000000000e+03,7.987525554151369001e+00,2.054000000000000000e+03,7.972006792156530075e+00,2.054000000000000000e+03,7.999469883124405989e+00,2.054000000000000000e+03,2.063080865885049686e+00,2.054000000000000000e+03,1.388360391057760435e+00,2.054000000000000000e+03,2.552399260670029868e+00,2.054000000000000000e+03,5.665492960026162983e+00,2.054000000000000000e+03,2.467850469557707704e+00,2.054000000000000000e+03,1.066349206023664387e+01
2.055000000000000000e+03,4.719914215317921844e+02,1.890000000000000000e+03,2.956344670336759464e+02,1.890000000000000000e+03,2.914693756267063236e+02,2.055000000000000000e+03,1.971525014258759256e+00,2.055000000000000000e+03,1.338767680314115527e+00,2.055000000000000000e+03,2.665710857906472331e+00,2.055000000000000000e+03,7.986841509107494019e+00,2.055000000000000000e+03,7.971046839009246376e+00,2.055000000000000000e+03,7.998773371260386789e+00,2.055000000000000000e+03,1.983700729310786004e+00,2.055000000000000000e+03,1.252125559506207297e+00,2.055000000000000000e+03,2.573211497355476496e+00,2.055000000000000000e+03,4.647937095289611520e+00,2.055000000000000000e+03,-8.411517272559438929e-01,2.055000000000000000e+03,1.028310167895785021e+01
2.056000000000000000e+03,4.724164218362790848e+02,1.891000000000000000e+03,2.956853474940705269e+02,1.891000000000000000e+03,2.915810967396873252e+02,2.056000000000000000e+03,2.018943023637016054e+00,2.056000000000000000e+03,1.569233319227887336e+00,2.056000000000000000e+03,2.677595922970931408e+00,2.056000000000000000e+03,7.986476988011975031e+00,2.056000000000000000e+03,7.971023410112640484e+00,2.056000000000000000e+03,7.997799450730997073e+00,2.056000000000000000e+03,1.973782100001510775e+00,2.056000000000000000e+03,1.354863663418673037e+00,2.056000000000000000e+03,2.470601567408317933e+00,2.056000000000000000e+03,4.298014637313607444e+00,2.056000000000000000e+03,7.282889663321212570e-01,2.056000000000000000e+03,1.132007925466357889e+01
2.057000000000000000e+03,4.727760546053817734e+02,1.892000000000000000e+03,2.957297954269865841e+02,1.892000000000000000e+03,2.917245498165476079e+02,2.057000000000000000e+03,2.028487568628419169e+00,2.057000000000000000e+03,1.531680171528631229e+00,2.057000000000000000e+03,2.713329468484579010e+00,2.057000000000000000e+03,7.986142669235523073e+00,2.057000000000000000e+03,7.970662800622869248e+00,2.057000000000000000e+03,7.997774484772257608e+00,2.057000000000000000e+03,1.973772656060238884e+00,2.057000000000000000e+03,1.309601798157001395e+00,2.057000000000000000e+03,2.628189241696375245e+00,2.057000000000000000e+03,4.759093476574461690e+00,2.057000000000000000e+03,9.455419415521075788e-01,2.057000000000000000e+03,8.327260257742178595e+00
2.058000000000000000e+03,4.730858318293388720e+02,1.893000000000000000e+03,2.957806461723866960e+02,1.893000000000000000e+03,2.918899761185028296e+02,2.058000000000000000e+03,2.019045792837573572e+00,2.058000000000000000e+03,1.548780397272894627e+00,2.058000000000000000e+03,2.660935831219152004e+00,2.058000000000000000e+03,7.985805743655407518e+00,2.058000000000000000e+03,7.969980791058692837e+00,2.058000000000000000e+03,7.997432804059452671e+00,2.058000000000000000e+03,1.904705826191179785e+00,2.058000000000000000e+03,1.211586427444770520e+00,2.058000000000000000e+03,2.425653078535348062e+00,2.058000000000000000e+03,3.845672494799174945e+00,2.058000000000000000e+03,-3.132818389199844233e+00,2.058000000000000000e+03,8.164768851900349844e+00
2.059000000000000000e+03,4.733451685762983061e+02,1.894000000000000000e+03,2.958822604610620033e+02,1.894000000000000000e+03,2.920344061052825850e+02,2.059000000000000000e+03,2.042633608552488322e+00,2.059000000000000000e+03,1.487663846613805463e+00,2.059000000000000000e+03,2.673503123397299674e+00,2.059000000000000000e+03,7.985123904149767249e+00,2.059000000000000000e+03,7.969332605582346574e+00,2.059000000000000000e+03,7.997066086776599469e+00,2.059000000000000000e+03,1.805944903700567261e+00,2.059000000000000000e+03,1.058344657910157194e+00,2.059000000000000000e+03,2.273512544927377199e+00,2.059000000000000000e+03,2.510009590992725137e+00,2.059000000000000000e+03,-2.190471986529232140e+00,2.059000000000000000e+03,8.133893700784694758e+00
2.060000000000000000e+03,4.735105923648092130e+02,1.895000000000000000e+03,2.959838723612542708e+02,1.895000000000000000e+03,2.921712536121888206e+02,2.060000000000000000e+03,2.052344287696354463e+00,2.060000000000000000e+03,1.501318628045272163e+00,2.060000000000000000e+03,2.716730417172010359e+00,2.060000000000000000e+03,7.984762124347223988e+00,2.060000000000000000e+03,7.969358614920968975e+00,2.060000000000000000e+03,7.996371766740456799e+00,2.060000000000000000e+03,1.796487605987069136e+00,2.060000000000000000e+03,1.175808086775043337e+00,2.060000000000000000e+03,2.284589539417563930e+00,2.060000000000000000e+03,3.669435225177192450e+00,2.060000000000000000e+03,-2.395295979066622394e+00,2.060000000000000000e+03,8.483098839491196586e+00
2.061000000000000000e+03,4.736474405653788722e+02,1.896000000000000000e+03,2.961078064073695941e+02,1.896000000000000000e+03,2.923152742277999323e+02,2.061000000000000000e+03,2.018959796746610191e+00,2.061000000000000000e+03,1.562751066688374824e+00,2.061000000000000000e+03,2.643850866321243220e+00,2.061000000000000000e+03,7.984428626323664346e+00,2.061000000000000000e+03,7.969649478338946658e+00,2.061000000000000000e+03,7.995750701412369210e+00,2.061000000000000000e+03,1.786099861302330227e+00,2.061000000000000000e+03,1.100915970571224367e+00,2.061000000000000000e+03,2.297066407465502724e+00,2.061000000000000000e+03,5.087290371319352467e+00,2.061000000000000000e+03,-5.891770167074819042e-01,2.061000000000000000e+03,9.725544828880163806e+00
2.062000000000000000e+03,4.737337545276973856e+02,1.897000000000000000e+03,2.962318015075246649e+02,1.897000000000000000e+03,2.925375779768109510e+02,2.062000000000000000e+03,2.023507848978685075e+00,2.062000000000000000e+03,1.494221858860095953e+00,2.062000000000000000e+03,2.617311859796837670e+00,2.062000000000000000e+03,7.984428187990579850e+00,2.062000000000000000e+03,7.968921765292516390e+00,2.062000000000000000e+03,7.995698107341945082e+00,2.062000000000000000e+03,1.815817896785989261e+00,2.062000000000000000e+03,1.349855615627276073e+00,2.062000000000000000e+03,2.212053000990045870e+00,2.062000000000000000e+03,4.443776958616551198e+00,2.062000000000000000e+03,1.115783697172276767e+00,2.062000000000000000e+03,9.522764748254434863e+00
2.063000000000000000e+03,4.737913908565060410e+02,1.898000000000000000e+03,2.963777688889560409e+02,1.898000000000000000e+03,2.927322084618731992e+02,2.063000000000000000e+03,2.047389108394972013e+00,2.063000000000000000e+03,1.467907755179815199e+00,2.063000000000000000e+03,2.675256153126172709e+00,2.063000000000000000e+03,7.983760442858782724e+00,2.063000000000000000e+03,7.968029112675156789e+00,2.063000000000000000e+03,7.995050938836747001e+00,2.063000000000000000e+03,1.726410459445650192e+00,2.063000000000000000e+03,9.685246349953403611e-01,2.063000000000000000e+03,2.359835107637833662e+00,2.063000000000000000e+03,2.674702879120337329e+00,2.063000000000000000e+03,-8.646634908374638551e-01,2.063000000000000000e+03,9.831519718004765096e+00
2.064000000000000000e+03,4.737913589252042925e+02,1.899000000000000000e+03,2.965304228723508686e+02,1.899000000000000000e+03,2.929623813621560089e+02,2.064000000000000000e+03,2.052359044614814554e+00,2.064000000000000000e+03,1.470281966283257358e+00,2.064000000000000000e+03,2.682208857959899273e+00,2.064000000000000000e+03,7.984093869649527164e+00,2.064000000000000000e+03,7.968704635773553591e+00,2.064000000000000000e+03,7.995076366717809080e+00,2.064000000000000000e+03,1.677468956261304989e+00,2.064000000000000000e+03,8.758399344318269497e-01,2.064000000000000000e+03,2.401017100831499107e+00,2.064000000000000000e+03,3.077592750108930630e+00,2.064000000000000000e+03,-1.149958191147255615e+00,2.064000000000000000e+03,6.700422397644200778e+00
2.065000000000000000e+03,4.737625876044312463e+02,1.900000000000000000e+03,2.966764417544106891e+02,1.900000000000000000e+03,2.932138948010624517e+02,2.065000000000000000e+03,2.023544070732731903e+00,2.065000000000000000e+03,1.501101837781377846e+00,2.065000000000000000e+03,2.663603943239999161e+00,2.065000000000000000e+03,7.984093869649527164e+00,2.065000000000000000e+03,7.969309054616124932e+00,2.065000000000000000e+03,7.995400820124558550e+00,2.065000000000000000e+03,1.707150639979833961e+00,2.065000000000000000e+03,1.165239947947541044e+00,2.065000000000000000e+03,2.184885145609091861e+00,2.065000000000000000e+03,4.286738784074501929e+00,2.065000000000000000e+03,-2.665121548651547823e-01,2.065000000000000000e+03,9.407349061727025230e+00
2.066000000000000000e+03,4.736761119928088988e+02,1.901000000000000000e+03,2.967973375991796274e+02,1.901000000000000000e+03,2.934945122665345139e+02,2.066000000000000000e+03,2.071029061357872347e+00,2.066000000000000000e+03,1.503122557561612949e+00,2.066000000000000000e+03,2.709372603602109297e+00,2.066000000000000000e+03,7.984093869649527164e+00,2.066000000000000000e+03,7.968949461027333037e+00,2.066000000000000000e+03,7.995425802728299836e+00,2.066000000000000000e+03,1.667550295523618331e+00,2.066000000000000000e+03,1.027905443501100580e+00,2.066000000000000000e+03,2.115592508184777287e+00,2.066000000000000000e+03,3.188220026149021891e+00,2.066000000000000000e+03,2.669629205766056446e-01,2.066000000000000000e+03,7.640707674329314969e+00
2.067000000000000000e+03,4.735391859328340729e+02,1.902000000000000000e+03,2.969466908084692705e+02,1.902000000000000000e+03,2.937755580211518236e+02,2.067000000000000000e+03,2.071034512304257280e+00,2.067000000000000000e+03,1.528913104675369006e+00,2.067000000000000000e+03,2.732749855204436695e+00,2.067000000000000000e+03,7.983410708596967886e+00,2.067000000000000000e+03,7.968314172117840322e+00,2.067000000000000000e+03,7.995698779076552576e+00,2.067000000000000000e+03,1.588336351971700200e+00,2.067000000000000000e+03,6.165138850566447282e-01,2.067000000000000000e+03,2.210510499256485684e+00,2.067000000000000000e+03,4.529732616259614097e+00,2.067000000000000000e+03,-1.819598830386703003e+00,2.067000000000000000e+03,9.254093166328427600e+00
2.068000000000000000e+03,4.733661569604205965e+02,1.903000000000000000e+03,2.970961208009641723e+02,1.903000000000000000e+03,2.940566037757691333e+02,2.068000000000000000e+03,2.085498362665469951e+00,2.068000000000000000e+03,1.506308979940840898e+00,2.068000000000000000e+03,2.760297434730081712e+00,2.068000000000000000e+03,7.983410267878355171e+00,2.068000000000000000e+03,7.968338574364319804e+00,2.068000000000000000e+03,7.995025754803100071e+00,2.068000000000000000e+03,1.568638574997048174e+00,2.068000000000000000e+03,7.450020476312866347e-01,2.068000000000000000e+03,2.183632167621124776e+00,2.068000000000000000e+03,2.737299725615519819e+00,2.068000000000000000e+03,-1.145269801892528916e+00,2.068000000000000000e+03,5.740793777398325304e+00
2.069000000000000000e+03,4.731719135159257235e+02,1.904000000000000000e+03,2.972231732431902174e+02,1.904000000000000000e+03,2.944225366158803467e+02,2.069000000000000000e+03,2.076190255675614882e+00,2.069000000000000000e+03,1.404497474031204618e+00,2.069000000000000000e+03,2.881505992926970627e+00,2.069000000000000000e+03,7.983751935645390319e+00,2.069000000000000000e+03,7.968677858678131720e+00,2.069000000000000000e+03,7.994701057548935452e+00,2.069000000000000000e+03,1.538858704004221201e+00,2.069000000000000000e+03,8.153674041028666775e-01,2.069000000000000000e+03,1.948350506892043699e+00,2.069000000000000000e+03,3.659504678519569065e+00,2.069000000000000000e+03,1.596266119702456798e+00,2.069000000000000000e+03,7.022797861595182489e+00
2.070000000000000000e+03,4.729196766468338069e+02,1.905000000000000000e+03,2.972996022379663827e+02,1.905000000000000000e+03,2.949250765594154586e+02,2.070000000000000000e+03,2.076186957139222411e+00,2.070000000000000000e+03,1.553644633793198615e+00,2.070000000000000000e+03,2.849185079943371779e+00,2.070000000000000000e+03,7.984093603412425466e+00,2.070000000000000000e+03,7.969017142991942748e+00,2.070000000000000000e+03,7.994751785513126485e+00,2.070000000000000000e+03,1.509574440182982480e+00,2.070000000000000000e+03,9.954633363264990820e-01,2.070000000000000000e+03,1.872122492858081522e+00,2.070000000000000000e+03,2.775879073419390775e+00,2.070000000000000000e+03,-2.620825448877779795e+00,2.070000000000000000e+03,6.888680836781484018e+00
2.071000000000000000e+03,4.726098198801591366e+02,1.906000000000000000e+03,2.974201289042414373e+02,1.906000000000000000e+03,2.952654208829025606e+02,2.071000000000000000e+03,2.047403273099287269e+00,2.071000000000000000e+03,1.442229391807958283e+00,2.071000000000000000e+03,2.775355427748763759e+00,2.071000000000000000e+03,7.984093869649527164e+00,2.071000000000000000e+03,7.969285473371922279e+00,2.071000000000000000e+03,7.995376155261563866e+00,2.071000000000000000e+03,1.509546542694594207e+00,2.071000000000000000e+03,9.662942564926060296e-01,2.071000000000000000e+03,1.883871572140351391e+00,2.071000000000000000e+03,1.922855708786151752e+00,2.071000000000000000e+03,-4.630667867963844664e-01,2.071000000000000000e+03,4.226960989595626828e+00
2.072000000000000000e+03,4.722717184824215337e+02,1.907000000000000000e+03,2.975916542726785678e+02,1.907000000000000000e+03,2.954904780855732724e+02,2.072000000000000000e+03,2.061677683426236030e+00,2.072000000000000000e+03,1.542698132162330094e+00,2.072000000000000000e+03,2.795161041749694153e+00,2.072000000000000000e+03,7.984093869649527164e+00,2.072000000000000000e+03,7.968638047622070175e+00,2.072000000000000000e+03,7.995076909689731615e+00,2.072000000000000000e+03,1.459912034057694763e+00,2.072000000000000000e+03,9.388925475931723108e-01,2.072000000000000000e+03,1.908993983594969635e+00,2.072000000000000000e+03,3.751858342922807399e+00,2.072000000000000000e+03,1.023424829404462333e-01,2.072000000000000000e+03,8.705787506377411944e+00
2.073000000000000000e+03,4.718463838063609046e+02,1.908000000000000000e+03,2.978205131177713270e+02,1.908000000000000000e+03,2.957708348757649333e+02,2.073000000000000000e+03,2.099838281566886788e+00,2.073000000000000000e+03,1.579914755264542947e+00,2.073000000000000000e+03,2.879643255449495509e+00,2.073000000000000000e+03,7.984095201684834997e+00,2.073000000000000000e+03,7.968364810204577431e+00,2.073000000000000000e+03,7.995426717393499416e+00,2.073000000000000000e+03,1.439917393249739108e+00,2.073000000000000000e+03,7.020889277886752655e-01,2.073000000000000000e+03,1.855552440296151850e+00,2.073000000000000000e+03,3.176121291610352060e+00,2.073000000000000000e+03,2.848893842777054375e-01,2.073000000000000000e+03,7.032600761544304468e+00
2.074000000000000000e+03,4.713716472076285982e+02,1.909000000000000000e+03,2.980176884792745682e+02,1.909000000000000000e+03,2.961087811921863704e+02,2.074000000000000000e+03,2.099751607969957412e+00,2.074000000000000000e+03,1.490079146956185596e+00,2.074000000000000000e+03,2.891783504614202638e+00,2.074000000000000000e+03,7.984429239349210228e+00,2.074000000000000000e+03,7.969072545963356013e+00,2.074000000000000000e+03,7.995750701412369210e+00,2.074000000000000000e+03,1.371076932065707688e+00,2.074000000000000000e+03,4.916335094015409912e-01,2.074000000000000000e+03,1.773073970397623933e+00,2.074000000000000000e+03,2.488304236880252152e+00,2.074000000000000000e+03,-1.182428972754574259e+00,2.074000000000000000e+03,6.394943615356755373e+00
2.075000000000000000e+03,4.708384462404839610e+02,1.910000000000000000e+03,2.982144789766992403e+02,1.910000000000000000e+03,2.964185002134552747e+02,2.075000000000000000e+03,2.061747186379448760e+00,2.075000000000000000e+03,1.471899834017494246e+00,2.075000000000000000e+03,2.879042487528872485e+00,2.075000000000000000e+03,7.984762506331631648e+00,2.075000000000000000e+03,7.970008129010404119e+00,2.075000000000000000e+03,7.995750701412369210e+00,2.075000000000000000e+03,1.361133007599926614e+00,2.075000000000000000e+03,7.164393632444489013e-01,2.075000000000000000e+03,1.714439242501808236e+00,2.075000000000000000e+03,2.745351812345504072e+00,2.075000000000000000e+03,-9.868475761080932607e-01,2.075000000000000000e+03,5.285733585209559493e+00
2.076000000000000000e+03,4.702475785676357987e+02,1.911000000000000000e+03,2.984369722601427952e+02,1.911000000000000000e+03,2.967567949591017964e+02,2.076000000000000000e+03,2.094852558452312774e+00,2.076000000000000000e+03,1.526758293459666405e+00,2.076000000000000000e+03,2.943883499765658662e+00,2.076000000000000000e+03,7.984762506331631648e+00,2.076000000000000000e+03,7.969697997741368667e+00,2.076000000000000000e+03,7.995797192651528995e+00,2.076000000000000000e+03,1.321672714371871615e+00,2.076000000000000000e+03,5.353121120030622793e-01,2.076000000000000000e+03,1.944233925347258252e+00,2.076000000000000000e+03,1.070629386196776611e+00,2.076000000000000000e+03,-1.551937715760658865e+00,2.076000000000000000e+03,4.380991869282090612e+00
2.077000000000000000e+03,4.695999186288361216e+02,1.912000000000000000e+03,2.986401475181229443e+02,1.912000000000000000e+03,2.970665329391146088e+02,2.077000000000000000e+03,2.118680470311204100e+00,2.077000000000000000e+03,1.553557369651739739e+00,2.077000000000000000e+03,2.921204206289447658e+00,2.077000000000000000e+03,7.985123970390222148e+00,2.077000000000000000e+03,7.969722489973207757e+00,2.077000000000000000e+03,7.996394868555701585e+00,2.077000000000000000e+03,1.282212421143816838e+00,2.077000000000000000e+03,5.696754038589317837e-01,2.077000000000000000e+03,1.938935453474543991e+00,2.077000000000000000e+03,1.542021790247698032e+00,2.077000000000000000e+03,-1.603419829107263217e+00,2.077000000000000000e+03,4.708939150393029571e+00
2.078000000000000000e+03,4.688649739859157535e+02,1.913000000000000000e+03,2.988120021336852687e+02,1.913000000000000000e+03,2.974333730722694327e+02,2.078000000000000000e+03,2.094837091211247504e+00,2.078000000000000000e+03,1.543096407935024006e+00,2.078000000000000000e+03,2.869408739261774421e+00,2.078000000000000000e+03,7.985458354971729733e+00,2.078000000000000000e+03,7.970032292695367282e+00,2.078000000000000000e+03,7.996109923995986080e+00,2.078000000000000000e+03,1.282080868808368024e+00,2.078000000000000000e+03,8.662757828192424459e-01,2.078000000000000000e+03,1.875139269570888167e+00,2.078000000000000000e+03,2.024920123831707830e+00,2.078000000000000000e+03,-2.118304129475709452e+00,2.078000000000000000e+03,7.833330397470982476e+00
2.079000000000000000e+03,4.680795621907336681e+02,1.914000000000000000e+03,2.989329286940664474e+02,1.914000000000000000e+03,2.979359828222412716e+02,2.079000000000000000e+03,2.090068203664821045e+00,2.079000000000000000e+03,1.415916088654523231e+00,2.079000000000000000e+03,2.982281113046845622e+00,2.079000000000000000e+03,7.985458931523025328e+00,2.079000000000000000e+03,7.970158862557438439e+00,2.079000000000000000e+03,7.996449800776114891e+00,2.079000000000000000e+03,1.222543187298629208e+00,2.079000000000000000e+03,6.121878172074384228e-01,2.079000000000000000e+03,1.923823328488120099e+00,2.079000000000000000e+03,1.264787208019114262e+00,2.079000000000000000e+03,-2.920127349832928321e+00,2.079000000000000000e+03,4.617576941145453695e+00
2.080000000000000000e+03,4.672379898502271658e+02,1.915000000000000000e+03,2.990345300842182041e+02,1.915000000000000000e+03,2.982762526308594602e+02,2.080000000000000000e+03,2.090068203664821045e+00,2.080000000000000000e+03,1.481953077507739636e+00,2.080000000000000000e+03,2.917208747025646254e+00,2.080000000000000000e+03,7.986477798425356767e+00,2.080000000000000000e+03,7.971819399482019897e+00,2.080000000000000000e+03,7.996863273899650792e+00,2.080000000000000000e+03,1.203151100203285973e+00,2.080000000000000000e+03,4.116605782711831862e-01,2.080000000000000000e+03,1.909380750786740633e+00,2.080000000000000000e+03,1.891858430183711803e+00,2.080000000000000000e+03,-5.563418758145370902e-01,2.080000000000000000e+03,6.847283615732303375e+00
2.081000000000000000e+03,4.663373569351775814e+02,1.916000000000000000e+03,2.991362691660179394e+02,1.916000000000000000e+03,2.985012584282935109e+02,2.081000000000000000e+03,2.109116220038675937e+00,2.081000000000000000e+03,1.540495797367139375e+00,2.081000000000000000e+03,3.044978694311767597e+00,2.081000000000000000e+03,7.987175817544436285e+00,2.081000000000000000e+03,7.972790920924325064e+00,2.081000000000000000e+03,7.998085762044129687e+00,2.081000000000000000e+03,1.123919290038559948e+00,2.081000000000000000e+03,4.302659540658193560e-01,2.081000000000000000e+03,1.594782680548610720e+00,2.081000000000000000e+03,1.841076418742510157e+00,2.081000000000000000e+03,-2.527121202365276265e+00,2.081000000000000000e+03,6.006515906278450778e+00
2.082000000000000000e+03,4.654074913695143323e+02,1.917000000000000000e+03,2.993585389809300636e+02,1.917000000000000000e+03,2.987033271701920398e+02,2.082000000000000000e+03,2.113921756260360496e+00,2.082000000000000000e+03,1.497430181916598935e+00,2.082000000000000000e+03,3.041015712065358478e+00,2.082000000000000000e+03,7.987176595747835783e+00,2.082000000000000000e+03,7.973099221987954621e+00,2.082000000000000000e+03,7.997490314528049815e+00,2.082000000000000000e+03,1.114350255484698238e+00,2.082000000000000000e+03,6.505033119153257326e-01,2.082000000000000000e+03,1.605853793728843959e+00,2.082000000000000000e+03,1.512461925150384356e+00,2.082000000000000000e+03,-3.021721981057047923e+00,2.082000000000000000e+03,4.743585337823834180e+00
2.083000000000000000e+03,4.644508235908758707e+02,1.918000000000000000e+03,2.995557894662865124e+02,1.918000000000000000e+03,2.989549962080638466e+02,2.083000000000000000e+03,2.109130689750486454e+00,2.083000000000000000e+03,1.514763931491788673e+00,2.083000000000000000e+03,2.993039624810891475e+00,2.083000000000000000e+03,7.987528367251427674e+00,2.083000000000000000e+03,7.972764959586773337e+00,2.083000000000000000e+03,7.997849454512657275e+00,2.083000000000000000e+03,1.034823945327707495e+00,2.083000000000000000e+03,2.723013715254561928e-01,2.083000000000000000e+03,1.622402216868558344e+00,2.083000000000000000e+03,1.676525747677193312e+00,2.083000000000000000e+03,-1.559605497013572817e-01,2.083000000000000000e+03,4.150924846055471740e+00
2.084000000000000000e+03,4.634421045152415104e+02,1.919000000000000000e+03,2.997779480935822676e+02,1.919000000000000000e+03,2.992352300539442354e+02,2.084000000000000000e+03,2.094833591802939932e+00,2.084000000000000000e+03,1.550710407485853537e+00,2.084000000000000000e+03,2.991901965900495064e+00,2.084000000000000000e+03,7.988190950210223740e+00,2.084000000000000000e+03,7.972940873382558635e+00,2.084000000000000000e+03,7.998583103287576712e+00,2.084000000000000000e+03,9.659127786853112241e-01,2.084000000000000000e+03,8.783637939783832393e-02,2.084000000000000000e+03,1.605735044347417650e+00,2.084000000000000000e+03,1.869160269620008696e+00,2.084000000000000000e+03,-7.682153220735948862e-01,2.084000000000000000e+03,6.155893497387459945e+00
2.085000000000000000e+03,4.623973934693630667e+02,1.920000000000000000e+03,2.999560864072892059e+02,1.920000000000000000e+03,2.994878257733954570e+02,2.085000000000000000e+03,2.080746106130069606e+00,2.085000000000000000e+03,1.394869253704174472e+00,2.085000000000000000e+03,2.921895089168004223e+00,2.085000000000000000e+03,7.989241073122800074e+00,2.085000000000000000e+03,7.975250831730417822e+00,2.085000000000000000e+03,7.999921258029710103e+00,2.085000000000000000e+03,1.015042554360221727e+00,2.085000000000000000e+03,2.862846082593346053e-01,2.085000000000000000e+03,1.761676447682422042e+00,2.085000000000000000e+03,1.055504496713493889e+00,2.085000000000000000e+03,-3.365845584196871076e+00,2.085000000000000000e+03,4.890269114108887649e+00
2.086000000000000000e+03,4.613525897287523208e+02,1.921000000000000000e+03,3.001781966261859225e+02,1.921000000000000000e+03,2.998532729696344745e+02,2.086000000000000000e+03,2.104580568112247363e+00,2.086000000000000000e+03,1.374969928805860109e+00,2.086000000000000000e+03,2.923069915617737546e+00,2.086000000000000000e+03,7.989910264107390248e+00,2.086000000000000000e+03,7.976173377001392062e+00,2.086000000000000000e+03,8.000882293633599929e+00,2.086000000000000000e+03,9.853781781357643377e-01,2.086000000000000000e+03,1.020056546481239584e-01,2.086000000000000000e+03,1.773002282176469269e+00,2.086000000000000000e+03,-3.263943051828779307e-01,2.086000000000000000e+03,-4.910842055836859288e+00,2.086000000000000000e+03,2.975715217181378769e+00
2.087000000000000000e+03,4.602587873728285786e+02,1.922000000000000000e+03,3.003754288557668701e+02,1.922000000000000000e+03,3.001356266030372808e+02,2.087000000000000000e+03,2.071100359311007111e+00,2.087000000000000000e+03,1.402074456584887718e+00,2.087000000000000000e+03,2.878677518575122107e+00,2.087000000000000000e+03,7.990607719853492164e+00,2.087000000000000000e+03,7.975887970440052932e+00,2.087000000000000000e+03,8.000933363295640532e+00,2.087000000000000000e+03,8.673641580001839602e-01,2.087000000000000000e+03,-1.766739376152769714e-01,2.087000000000000000e+03,1.404240730518244273e+00,2.087000000000000000e+03,2.899208546513258877e+00,2.087000000000000000e+03,-1.445614370603074683e-01,2.087000000000000000e+03,7.165983991301880351e+00
2.088000000000000000e+03,4.591348254315466875e+02,1.923000000000000000e+03,3.005725906397958624e+02,1.923000000000000000e+03,3.004735781618365422e+02,2.088000000000000000e+03,2.066461591408208953e+00,2.088000000000000000e+03,1.414192177465578792e+00,2.088000000000000000e+03,2.822852083030156223e+00,2.088000000000000000e+03,7.991291465927044868e+00,2.088000000000000000e+03,7.976299883284489134e+00,2.088000000000000000e+03,8.001645121950458517e+00,2.088000000000000000e+03,8.468301946344514164e-01,2.088000000000000000e+03,-5.510443983742310814e-02,2.088000000000000000e+03,1.349347300218671553e+00,2.088000000000000000e+03,1.122532446465897227e+00,2.088000000000000000e+03,-2.115499657335330408e+00,2.088000000000000000e+03,3.419642920155745447e+00
2.089000000000000000e+03,4.580127057133660742e+02,1.924000000000000000e+03,3.008200945604449430e+02,1.924000000000000000e+03,3.008898668970716130e+02,2.089000000000000000e+03,2.061700517335563809e+00,2.089000000000000000e+03,1.457026780225419094e+00,2.089000000000000000e+03,2.896688188529704444e+00,2.089000000000000000e+03,7.992325377507960127e+00,2.089000000000000000e+03,7.977612545413008682e+00,2.089000000000000000e+03,8.002660849772164298e+00,2.089000000000000000e+03,8.274542649858737109e-01,2.089000000000000000e+03,2.831297854160977345e-02,2.089000000000000000e+03,1.375010936156886965e+00,2.089000000000000000e+03,1.561816975012513264e+00,2.089000000000000000e+03,-1.367195287429850747e+00,2.089000000000000000e+03,5.395241820214762285e+00
2.090000000000000000e+03,4.568023080944253138e+02,1.925000000000000000e+03,3.010427145099260429e+02,1.925000000000000000e+03,3.012864977244126976e+02,2.090000000000000000e+03,2.061721683952950634e+00,2.090000000000000000e+03,1.499420487989610251e+00,2.090000000000000000e+03,2.878231170512258519e+00,2.090000000000000000e+03,7.993007334237482553e+00,2.090000000000000000e+03,7.978285769854685405e+00,2.090000000000000000e+03,8.003329688058895997e+00,2.090000000000000000e+03,7.976887489028166023e-01,2.090000000000000000e+03,-5.074398869639359586e-03,2.090000000000000000e+03,1.337558576807011068e+00,2.090000000000000000e+03,1.161152752635744800e+00,2.090000000000000000e+03,-1.276286000067069715e+00,2.090000000000000000e+03,3.971183152191232857e+00
2.091000000000000000e+03,4.556201594925784661e+02,1.926000000000000000e+03,3.012969970815645411e+02,1.926000000000000000e+03,3.016543959178667365e+02,2.091000000000000000e+03,2.085513986784147455e+00,2.091000000000000000e+03,1.474261782452292557e+00,2.091000000000000000e+03,2.819452540681274932e+00,2.091000000000000000e+03,7.993703778464798404e+00,2.091000000000000000e+03,7.978732323807246729e+00,2.091000000000000000e+03,8.004052634472808236e+00,2.091000000000000000e+03,7.584625662632035192e-01,2.091000000000000000e+03,-6.042561783532873071e-02,2.091000000000000000e+03,1.486230548121901807e+00,2.091000000000000000e+03,7.613044845012189032e-01,2.091000000000000000e+03,-2.632498101624521247e+00,2.091000000000000000e+03,5.860558371215594420e+00
2.092000000000000000e+03,4.544117815204662065e+02,1.927000000000000000e+03,3.015193235675868095e+02,1.927000000000000000e+03,3.020143541284937214e+02,2.092000000000000000e+03,2.061723183646697155e+00,2.092000000000000000e+03,1.435819970998595041e+00,2.092000000000000000e+03,2.976818555330349447e+00,2.092000000000000000e+03,7.994707892076558409e+00,2.092000000000000000e+03,7.980399357130164795e+00,2.092000000000000000e+03,8.005075132633507451e+00,2.092000000000000000e+03,7.776960684096358989e-01,2.092000000000000000e+03,9.146684495098850176e-02,2.092000000000000000e+03,1.562936809359785739e+00,2.092000000000000000e+03,8.227749929730570067e-01,2.092000000000000000e+03,-3.670916456195548960e+00,2.092000000000000000e+03,3.548243285635993782e+00
2.093000000000000000e+03,4.532302020781423266e+02,1.928000000000000000e+03,3.018180034394499671e+02,1.928000000000000000e+03,3.024386573365138133e+02,2.093000000000000000e+03,2.061706396362001925e+00,2.093000000000000000e+03,1.448868339908351066e+00,2.093000000000000000e+03,2.949308903837738693e+00,2.093000000000000000e+03,7.996091878189384161e+00,2.093000000000000000e+03,7.981355470469854829e+00,2.093000000000000000e+03,8.006080215831364200e+00,2.093000000000000000e+03,7.776854274233209185e-01,2.093000000000000000e+03,-5.803748276565699749e-02,2.093000000000000000e+03,1.701115076407255122e+00,2.093000000000000000e+03,1.235810324905860291e+00,2.093000000000000000e+03,-4.453251394516688499e+00,2.093000000000000000e+03,4.937053718394274426e+00
2.094000000000000000e+03,4.520702267583668004e+02,1.929000000000000000e+03,3.020851287897008888e+02,1.929000000000000000e+03,3.028638291191401777e+02,2.094000000000000000e+03,2.071024143285657981e+00,2.094000000000000000e+03,1.441277647866563427e+00,2.094000000000000000e+03,2.879986096479232760e+00,2.094000000000000000e+03,7.996431604662287640e+00,2.094000000000000000e+03,7.981717792724622562e+00,2.094000000000000000e+03,8.006812088665423488e+00,2.094000000000000000e+03,7.379154993403126417e-01,2.094000000000000000e+03,-2.342979335413959696e-02,2.094000000000000000e+03,1.748180938729355427e+00,2.094000000000000000e+03,1.849585469965565609e+00,2.094000000000000000e+03,-9.208173646379226307e-01,2.094000000000000000e+03,5.325472718550124718e+00
2.095000000000000000e+03,4.509189155112358094e+02,1.930000000000000000e+03,3.024088032309629739e+02,1.930000000000000000e+03,3.033380389458016566e+02,2.095000000000000000e+03,2.019020663028168183e+00,2.095000000000000000e+03,1.346264105152217283e+00,2.095000000000000000e+03,2.903509762229457447e+00,2.095000000000000000e+03,7.996772507870817392e+00,2.095000000000000000e+03,7.982076993595861758e+00,2.095000000000000000e+03,8.008157330526577411e+00,2.095000000000000000e+03,6.491507536531465616e-01,2.095000000000000000e+03,-2.078459354904838019e-01,2.095000000000000000e+03,1.559453712664572445e+00,2.095000000000000000e+03,7.106686509067230428e-01,2.095000000000000000e+03,-6.085281926760813143e+00,2.095000000000000000e+03,4.823814538173583522e+00
2.096000000000000000e+03,4.497950293124769701e+02,1.931000000000000000e+03,3.026570377321955903e+02,1.931000000000000000e+03,3.037925035985447266e+02,2.096000000000000000e+03,2.028485501150517401e+00,2.096000000000000000e+03,1.369864226933381390e+00,2.096000000000000000e+03,2.970434482836687540e+00,2.096000000000000000e+03,7.997805694135046828e+00,2.096000000000000000e+03,7.982833579311477301e+00,2.096000000000000000e+03,8.009152209330107297e+00,2.096000000000000000e+03,5.607358634382371143e-01,2.096000000000000000e+03,-2.304438737674124604e-01,2.096000000000000000e+03,9.709418841591500593e-01,2.096000000000000000e+03,1.778598676017589586e+00,2.096000000000000000e+03,-2.159366586709641211e+00,2.096000000000000000e+03,6.354231408086564059e+00
2.097000000000000000e+03,4.487286399880504746e+02,1.932000000000000000e+03,3.029050799766194473e+02,1.932000000000000000e+03,3.041824565978582200e+02,2.097000000000000000e+03,2.061683014830131722e+00,2.097000000000000000e+03,1.400315996239133387e+00,2.097000000000000000e+03,2.862753472535135124e+00,2.097000000000000000e+03,7.998838874713118052e+00,2.097000000000000000e+03,7.984556196157994279e+00,2.097000000000000000e+03,8.009513962067503101e+00,2.097000000000000000e+03,6.197863076980891783e-01,2.097000000000000000e+03,-1.427247981162030332e-01,2.097000000000000000e+03,1.331087351335487723e+00,2.097000000000000000e+03,1.789475039025032244e+00,2.097000000000000000e+03,-1.686809760770196620e+00,2.097000000000000000e+03,6.025963804457340700e+00
2.098000000000000000e+03,4.476281600450421934e+02,1.933000000000000000e+03,3.030829050594558680e+02,1.933000000000000000e+03,3.045211962411839295e+02,2.098000000000000000e+03,2.071027645176519716e+00,2.098000000000000000e+03,1.495043719760082990e+00,2.098000000000000000e+03,2.845900431598144209e+00,2.098000000000000000e+03,7.999526363811896523e+00,2.098000000000000000e+03,7.986216636170319738e+00,2.098000000000000000e+03,8.010197800832827397e+00,2.098000000000000000e+03,6.492461641250100168e-01,2.098000000000000000e+03,-1.135988241676726823e-01,2.098000000000000000e+03,1.520263420178247671e+00,2.098000000000000000e+03,1.264045907572843408e+00,2.098000000000000000e+03,-1.553437051279608738e+00,2.098000000000000000e+03,5.313352778433182877e+00
2.099000000000000000e+03,4.465618590259193184e+02,1.934000000000000000e+03,3.032546045674699826e+02,1.934000000000000000e+03,3.048314385187279640e+02,2.099000000000000000e+03,2.071027645176519716e+00,2.099000000000000000e+03,1.414460498552589485e+00,2.099000000000000000e+03,2.912406232272704898e+00,2.099000000000000000e+03,8.000554003070540432e+00,2.099000000000000000e+03,7.987251424573469372e+00,2.099000000000000000e+03,8.010898109108289589e+00,2.099000000000000000e+03,6.789114402173004326e-01,2.099000000000000000e+03,3.041344112066797500e-02,2.099000000000000000e+03,1.500087654446689234e+00,2.099000000000000000e+03,6.984451938800658732e-01,2.099000000000000000e+03,-2.097465595844947295e+00,2.099000000000000000e+03,3.949170426904078823e+00
nan,nan,1.935000000000000000e+03,3.034516789240923913e+02,1.935000000000000000e+03,3.051982320758520473e+02,nan,nan,nan,nan,nan,nan,nan,nan,nan,nan,nan,nan,nan,nan,nan,nan,nan,nan,nan,nan,nan,nan,nan,nan
nan,nan,1.936000000000000000e+03,3.036739213481246793e+02,1.936000000000000000e+03,3.055652969454405934e+02,nan,nan,nan,nan,nan,nan,nan,nan,nan,nan,nan,nan,nan,nan,nan,nan,nan,nan,nan,nan,nan,nan,nan,nan
nan,nan,1.937000000000000000e+03,3.039282036957454238e+02,1.937000000000000000e+03,3.059826082173161694e+02,nan,nan,nan,nan,nan,nan,nan,nan,nan,nan,nan,nan,nan,nan,nan,nan,nan,nan,nan,nan,nan,nan,nan,nan
nan,nan,1.938000000000000000e+03,3.042206447144218373e+02,1.938000000000000000e+03,3.063792214734958748e+02,nan,nan,nan,nan,nan,nan,nan,nan,nan,nan,nan,nan,nan,nan,nan,nan,nan,nan,nan,nan,nan,nan,nan,nan
nan,nan,1.939000000000000000e+03,3.044746091680773930e+02,1.939000000000000000e+03,3.067464749566653381e+02,nan,nan,nan,nan,nan,nan,nan,nan,nan,nan,nan,nan,nan,nan,nan,nan,nan,nan,nan,nan,nan,nan,nan,nan
nan,nan,1.940000000000000000e+03,3.047671456329810553e+02,1.940000000000000000e+03,3.071924137456151698e+02,nan,nan,nan,nan,nan,nan,nan,nan,nan,nan,nan,nan,nan,nan,nan,nan,nan,nan,nan,nan,nan,nan,nan,nan
nan,nan,1.941000000000000000e+03,3.050654970790483844e+02,1.941000000000000000e+03,3.076455745661149308e+02,nan,nan,nan,nan,nan,nan,nan,nan,nan,nan,nan,nan,nan,nan,nan,nan,nan,nan,nan,nan,nan,nan,nan,nan
nan,nan,1.942000000000000000e+03,3.053643557978886065e+02,1.942000000000000000e+03,3.080924503865783777e+02,nan,nan,nan,nan,nan,nan,nan,nan,nan,nan,nan,nan,nan,nan,nan,nan,nan,nan,nan,nan,nan,nan,nan,nan
nan,nan,1.943000000000000000e+03,3.056378325609440481e+02,1.943000000000000000e+03,3.085748152547520817e+02,nan,nan,nan,nan,nan,nan,nan,nan,nan,nan,nan,nan,nan,nan,nan,nan,nan,nan,nan,nan,nan,nan,nan,nan
nan,nan,1.944000000000000000e+03,3.059361534652409205e+02,1.944000000000000000e+03,3.090497315898103921e+02,nan,nan,nan,nan,nan,nan,nan,nan,nan,nan,nan,nan,nan,nan,nan,nan,nan,nan,nan,nan,nan,nan,nan,nan
nan,nan,1.945000000000000000e+03,3.062351372153855777e+02,1.945000000000000000e+03,3.095255338588708582e+02,nan,nan,nan,nan,nan,nan,nan,nan,nan,nan,nan,nan,nan,nan,nan,nan,nan,nan,nan,nan,nan,nan,nan,nan
nan,nan,1.946000000000000000e+03,3.064324409510031160e+02,1.946000000000000000e+03,3.098943984277906338e+02,nan,nan,nan,nan,nan,nan,nan,nan,nan,nan,nan,nan,nan,nan,nan,nan,nan,nan,nan,nan,nan,nan,nan,nan
nan,nan,1.947000000000000000e+03,3.067311683769707429e+02,1.947000000000000000e+03,3.103188848957686332e+02,nan,nan,nan,nan,nan,nan,nan,nan,nan,nan,nan,nan,nan,nan,nan,nan,nan,nan,nan,nan,nan,nan,nan,nan
nan,nan,1.948000000000000000e+03,3.071056433481564341e+02,1.948000000000000000e+03,3.108215888725043214e+02,nan,nan,nan,nan,nan,nan,nan,nan,nan,nan,nan,nan,nan,nan,nan,nan,nan,nan,nan,nan,nan,nan,nan,nan
nan,nan,1.949000000000000000e+03,3.075031013031610314e+02,1.949000000000000000e+03,3.113581525486510486e+02,nan,nan,nan,nan,nan,nan,nan,nan,nan,nan,nan,nan,nan,nan,nan,nan,nan,nan,nan,nan,nan,nan,nan,nan
nan,nan,1.950000000000000000e+03,3.079006048999939935e+02,1.950000000000000000e+03,3.118951346723349047e+02,nan,nan,nan,nan,nan,nan,nan,nan,nan,nan,nan,nan,nan,nan,nan,nan,nan,nan,nan,nan,nan,nan,nan,nan
nan,nan,1.951000000000000000e+03,3.083195650235597327e+02,1.951000000000000000e+03,3.125342758790673088e+02,nan,nan,nan,nan,nan,nan,nan,nan,nan,nan,nan,nan,nan,nan,nan,nan,nan,nan,nan,nan,nan,nan,nan,nan
nan,nan,1.952000000000000000e+03,3.088408004899787329e+02,1.952000000000000000e+03,3.133251029088112318e+02,nan,nan,nan,nan,nan,nan,nan,nan,nan,nan,nan,nan,nan,nan,nan,nan,nan,nan,nan,nan,nan,nan,nan,nan
nan,nan,1.953000000000000000e+03,3.093359828149561963e+02,1.953000000000000000e+03,3.140809340531065459e+02,nan,nan,nan,nan,nan,nan,nan,nan,nan,nan,nan,nan,nan,nan,nan,nan,nan,nan,nan,nan,nan,nan,nan,nan
nan,nan,1.954000000000000000e+03,3.098320650221514256e+02,1.954000000000000000e+03,3.148697531633574158e+02,nan,nan,nan,nan,nan,nan,nan,nan,nan,nan,nan,nan,nan,nan,nan,nan,nan,nan,nan,nan,nan,nan,nan,nan
nan,nan,1.955000000000000000e+03,3.103281495109989123e+02,1.955000000000000000e+03,3.156590087679662133e+02,nan,nan,nan,nan,nan,nan,nan,nan,nan,nan,nan,nan,nan,nan,nan,nan,nan,nan,nan,nan,nan,nan,nan,nan
nan,nan,1.956000000000000000e+03,3.109003563434429793e+02,1.956000000000000000e+03,3.165300251222762427e+02,nan,nan,nan,nan,nan,nan,nan,nan,nan,nan,nan,nan,nan,nan,nan,nan,nan,nan,nan,nan,nan,nan,nan,nan
nan,nan,1.957000000000000000e+03,3.115224405444276954e+02,1.957000000000000000e+03,3.174290049229701935e+02,nan,nan,nan,nan,nan,nan,nan,nan,nan,nan,nan,nan,nan,nan,nan,nan,nan,nan,nan,nan,nan,nan,nan,nan
nan,nan,1.958000000000000000e+03,3.121646371473029831e+02,1.958000000000000000e+03,3.183297743551629537e+02,nan,nan,nan,nan,nan,nan,nan,nan,nan,nan,nan,nan,nan,nan,nan,nan,nan,nan,nan,nan,nan,nan,nan,nan
nan,nan,1.959000000000000000e+03,3.128631488005714800e+02,1.959000000000000000e+03,3.192294425425240547e+02,nan,nan,nan,nan,nan,nan,nan,nan,nan,nan,nan,nan,nan,nan,nan,nan,nan,nan,nan,nan,nan,nan,nan,nan
nan,nan,1.960000000000000000e+03,3.135562604438712242e+02,1.960000000000000000e+03,3.201871568861608921e+02,nan,nan,nan,nan,nan,nan,nan,nan,nan,nan,nan,nan,nan,nan,nan,nan,nan,nan,nan,nan,nan,nan,nan,nan
nan,nan,1.961000000000000000e+03,3.142747585268507464e+02,1.961000000000000000e+03,3.212025653221044195e+02,nan,nan,nan,nan,nan,nan,nan,nan,nan,nan,nan,nan,nan,nan,nan,nan,nan,nan,nan,nan,nan,nan,nan,nan
nan,nan,1.962000000000000000e+03,3.149223312068108385e+02,1.962000000000000000e+03,3.222667618206828024e+02,nan,nan,nan,nan,nan,nan,nan,nan,nan,nan,nan,nan,nan,nan,nan,nan,nan,nan,nan,nan,nan,nan,nan,nan
nan,nan,1.963000000000000000e+03,3.155965808251671092e+02,1.963000000000000000e+03,3.233621928684274280e+02,nan,nan,nan,nan,nan,nan,nan,nan,nan,nan,nan,nan,nan,nan,nan,nan,nan,nan,nan,nan,nan,nan,nan,nan
nan,nan,1.964000000000000000e+03,3.162134487070857745e+02,1.964000000000000000e+03,3.245430365021856574e+02,nan,nan,nan,nan,nan,nan,nan,nan,nan,nan,nan,nan,nan,nan,nan,nan,nan,nan,nan,nan,nan,nan,nan,nan
nan,nan,1.965000000000000000e+03,3.167857672009093903e+02,1.965000000000000000e+03,3.258103950659871089e+02,nan,nan,nan,nan,nan,nan,nan,nan,nan,nan,nan,nan,nan,nan,nan,nan,nan,nan,nan,nan,nan,nan,nan,nan
nan,nan,1.966000000000000000e+03,3.174332509780165879e+02,1.966000000000000000e+03,3.271050764646180937e+02,nan,nan,nan,nan,nan,nan,nan,nan,nan,nan,nan,nan,nan,nan,nan,nan,nan,nan,nan,nan,nan,nan,nan,nan
nan,nan,1.967000000000000000e+03,3.181516847517078190e+02,1.967000000000000000e+03,3.282882264017381999e+02,nan,nan,nan,nan,nan,nan,nan,nan,nan,nan,nan,nan,nan,nan,nan,nan,nan,nan,nan,nan,nan,nan,nan,nan
nan,nan,1.968000000000000000e+03,3.190215923237310562e+02,1.968000000000000000e+03,3.293547152649994700e+02,nan,nan,nan,nan,nan,nan,nan,nan,nan,nan,nan,nan,nan,nan,nan,nan,nan,nan,nan,nan,nan,nan,nan,nan
nan,nan,1.969000000000000000e+03,3.199117792659128554e+02,1.969000000000000000e+03,3.305138024324590447e+02,nan,nan,nan,nan,nan,nan,nan,nan,nan,nan,nan,nan,nan,nan,nan,nan,nan,nan,nan,nan,nan,nan,nan,nan
nan,nan,1.970000000000000000e+03,3.209036176542925318e+02,1.970000000000000000e+03,3.317452621822423566e+02,nan,nan,nan,nan,nan,nan,nan,nan,nan,nan,nan,nan,nan,nan,nan,nan,nan,nan,nan,nan,nan,nan,nan,nan
nan,nan,1.971000000000000000e+03,3.219700403499442132e+02,1.971000000000000000e+03,3.331534044691616714e+02,nan,nan,nan,nan,nan,nan,nan,nan,nan,nan,nan,nan,nan,nan,nan,nan,nan,nan,nan,nan,nan,nan,nan,nan
nan,nan,1.972000000000000000e+03,3.230641476188131946e+02,1.972000000000000000e+03,3.345592741485123724e+02,nan,nan,nan,nan,nan,nan,nan,nan,nan,nan,nan,nan,nan,nan,nan,nan,nan,nan,nan,nan,nan,nan,nan,nan
nan,nan,1.973000000000000000e+03,3.241324382494330507e+02,1.973000000000000000e+03,3.359930158704356700e+02,nan,nan,nan,nan,nan,nan,nan,nan,nan,nan,nan,nan,nan,nan,nan,nan,nan,nan,nan,nan,nan,nan,nan,nan
nan,nan,1.974000000000000000e+03,3.253511957442004814e+02,1.974000000000000000e+03,3.374531655775489298e+02,nan,nan,nan,nan,nan,nan,nan,nan,nan,nan,nan,nan,nan,nan,nan,nan,nan,nan,nan,nan,nan,nan,nan,nan
nan,nan,1.975000000000000000e+03,3.265403262131443398e+02,1.975000000000000000e+03,3.388946502165863990e+02,nan,nan,nan,nan,nan,nan,nan,nan,nan,nan,nan,nan,nan,nan,nan,nan,nan,nan,nan,nan,nan,nan,nan,nan
nan,nan,1.976000000000000000e+03,3.276849479543561188e+02,1.976000000000000000e+03,3.403857901685895513e+02,nan,nan,nan,nan,nan,nan,nan,nan,nan,nan,nan,nan,nan,nan,nan,nan,nan,nan,nan,nan,nan,nan,nan,nan
nan,nan,1.977000000000000000e+03,3.288725056117449981e+02,1.977000000000000000e+03,3.419824453130944448e+02,nan,nan,nan,nan,nan,nan,nan,nan,nan,nan,nan,nan,nan,nan,nan,nan,nan,nan,nan,nan,nan,nan,nan,nan
nan,nan,1.978000000000000000e+03,3.301885780885472741e+02,1.978000000000000000e+03,3.435893452949497373e+02,nan,nan,nan,nan,nan,nan,nan,nan,nan,nan,nan,nan,nan,nan,nan,nan,nan,nan,nan,nan,nan,nan,nan,nan
nan,nan,1.979000000000000000e+03,3.315810677016791601e+02,1.979000000000000000e+03,3.451678395026423232e+02,nan,nan,nan,nan,nan,nan,nan,nan,nan,nan,nan,nan,nan,nan,nan,nan,nan,nan,nan,nan,nan,nan,nan,nan
nan,nan,1.980000000000000000e+03,3.330474395114042068e+02,1.980000000000000000e+03,3.467647609002585227e+02,nan,nan,nan,nan,nan,nan,nan,nan,nan,nan,nan,nan,nan,nan,nan,nan,nan,nan,nan,nan,nan,nan,nan,nan
nan,nan,1.981000000000000000e+03,3.344597559598313410e+02,1.981000000000000000e+03,3.483149885887352752e+02,nan,nan,nan,nan,nan,nan,nan,nan,nan,nan,nan,nan,nan,nan,nan,nan,nan,nan,nan,nan,nan,nan,nan,nan
nan,nan,1.982000000000000000e+03,3.358269127820468043e+02,1.982000000000000000e+03,3.498646685429898753e+02,nan,nan,nan,nan,nan,nan,nan,nan,nan,nan,nan,nan,nan,nan,nan,nan,nan,nan,nan,nan,nan,nan,nan,nan
nan,nan,1.983000000000000000e+03,3.371155860635864769e+02,1.983000000000000000e+03,3.514114565157062771e+02,nan,nan,nan,nan,nan,nan,nan,nan,nan,nan,nan,nan,nan,nan,nan,nan,nan,nan,nan,nan,nan,nan,nan,nan
nan,nan,1.984000000000000000e+03,3.384064038657030551e+02,1.984000000000000000e+03,3.531816626408950128e+02,nan,nan,nan,nan,nan,nan,nan,nan,nan,nan,nan,nan,nan,nan,nan,nan,nan,nan,nan,nan,nan,nan,nan,nan
nan,nan,1.985000000000000000e+03,3.396527528870789183e+02,1.985000000000000000e+03,3.549829283699525035e+02,nan,nan,nan,nan,nan,nan,nan,nan,nan,nan,nan,nan,nan,nan,nan,nan,nan,nan,nan,nan,nan,nan,nan,nan
nan,nan,1.986000000000000000e+03,3.410181134280778679e+02,1.986000000000000000e+03,3.566967779585335734e+02,nan,nan,nan,nan,nan,nan,nan,nan,nan,nan,nan,nan,nan,nan,nan,nan,nan,nan,nan,nan,nan,nan,nan,nan
nan,nan,1.987000000000000000e+03,3.424296968936844792e+02,1.987000000000000000e+03,3.583619632002342428e+02,nan,nan,nan,nan,nan,nan,nan,nan,nan,nan,nan,nan,nan,nan,nan,nan,nan,nan,nan,nan,nan,nan,nan,nan
nan,nan,1.988000000000000000e+03,3.437438103952371762e+02,1.988000000000000000e+03,3.600452155349672125e+02,nan,nan,nan,nan,nan,nan,nan,nan,nan,nan,nan,nan,nan,nan,nan,nan,nan,nan,nan,nan,nan,nan,nan,nan
nan,nan,1.989000000000000000e+03,3.451362269179425653e+02,1.989000000000000000e+03,3.617314572440853908e+02,nan,nan,nan,nan,nan,nan,nan,nan,nan,nan,nan,nan,nan,nan,nan,nan,nan,nan,nan,nan,nan,nan,nan,nan
nan,nan,1.990000000000000000e+03,3.465547827035065325e+02,1.990000000000000000e+03,3.634825956810630032e+02,nan,nan,nan,nan,nan,nan,nan,nan,nan,nan,nan,nan,nan,nan,nan,nan,nan,nan,nan,nan,nan,nan,nan,nan
nan,nan,1.991000000000000000e+03,3.479409962556874234e+02,1.991000000000000000e+03,3.651410045658282115e+02,nan,nan,nan,nan,nan,nan,nan,nan,nan,nan,nan,nan,nan,nan,nan,nan,nan,nan,nan,nan,nan,nan,nan,nan
nan,nan,1.992000000000000000e+03,3.493058307671761895e+02,1.992000000000000000e+03,3.669951982177947230e+02,nan,nan,nan,nan,nan,nan,nan,nan,nan,nan,nan,nan,nan,nan,nan,nan,nan,nan,nan,nan,nan,nan,nan,nan
nan,nan,1.993000000000000000e+03,3.505268644548592647e+02,1.993000000000000000e+03,3.691323982063676112e+02,nan,nan,nan,nan,nan,nan,nan,nan,nan,nan,nan,nan,nan,nan,nan,nan,nan,nan,nan,nan,nan,nan,nan,nan
nan,nan,1.994000000000000000e+03,3.515952225304165495e+02,1.994000000000000000e+03,3.714081800945941723e+02,nan,nan,nan,nan,nan,nan,nan,nan,nan,nan,nan,nan,nan,nan,nan,nan,nan,nan,nan,nan,nan,nan,nan,nan
nan,nan,1.995000000000000000e+03,3.527573954267625709e+02,1.995000000000000000e+03,3.732976851726883183e+02,nan,nan,nan,nan,nan,nan,nan,nan,nan,nan,nan,nan,nan,nan,nan,nan,nan,nan,nan,nan,nan,nan,nan,nan
nan,nan,1.996000000000000000e+03,3.540989295336651708e+02,1.996000000000000000e+03,3.749290134711675364e+02,nan,nan,nan,nan,nan,nan,nan,nan,nan,nan,nan,nan,nan,nan,nan,nan,nan,nan,nan,nan,nan,nan,nan,nan
nan,nan,1.997000000000000000e+03,3.554915037781821638e+02,1.997000000000000000e+03,3.765076981275171875e+02,nan,nan,nan,nan,nan,nan,nan,nan,nan,nan,nan,nan,nan,nan,nan,nan,nan,nan,nan,nan,nan,nan,nan,nan
nan,nan,1.998000000000000000e+03,3.571546974619505477e+02,1.998000000000000000e+03,3.784466827827634461e+02,nan,nan,nan,nan,nan,nan,nan,nan,nan,nan,nan,nan,nan,nan,nan,nan,nan,nan,nan,nan,nan,nan,nan,nan
nan,nan,1.999000000000000000e+03,3.585157845386553959e+02,1.999000000000000000e+03,3.800002240331196504e+02,nan,nan,nan,nan,nan,nan,nan,nan,nan,nan,nan,nan,nan,nan,nan,nan,nan,nan,nan,nan,nan,nan,nan,nan
nan,nan,2.000000000000000000e+03,3.599065770808604157e+02,2.000000000000000000e+03,3.815690234222523713e+02,nan,nan,nan,nan,nan,nan,nan,nan,nan,nan,nan,nan,nan,nan,nan,nan,nan,nan,nan,nan,nan,nan,nan,nan
nan,nan,2.001000000000000000e+03,3.613499375466174115e+02,2.001000000000000000e+03,3.833181736293669815e+02,nan,nan,nan,nan,nan,nan,nan,nan,nan,nan,nan,nan,nan,nan,nan,nan,nan,nan,nan,nan,nan,nan,nan,nan
nan,nan,2.002000000000000000e+03,3.627171261427046147e+02,2.002000000000000000e+03,3.848910139568354793e+02,nan,nan,nan,nan,nan,nan,nan,nan,nan,nan,nan,nan,nan,nan,nan,nan,nan,nan,nan,nan,nan,nan,nan,nan
nan,nan,2.003000000000000000e+03,3.641771509376944209e+02,2.003000000000000000e+03,3.866873297208426834e+02,nan,nan,nan,nan,nan,nan,nan,nan,nan,nan,nan,nan,nan,nan,nan,nan,nan,nan,nan,nan,nan,nan,nan,nan
nan,nan,2.004000000000000000e+03,3.656656737015349563e+02,2.004000000000000000e+03,3.886322192987936432e+02,nan,nan,nan,nan,nan,nan,nan,nan,nan,nan,nan,nan,nan,nan,nan,nan,nan,nan,nan,nan,nan,nan,nan,nan
nan,nan,2.005000000000000000e+03,3.673315534898266037e+02,2.005000000000000000e+03,3.908490102734654101e+02,nan,nan,nan,nan,nan,nan,nan,nan,nan,nan,nan,nan,nan,nan,nan,nan,nan,nan,nan,nan,nan,nan,nan,nan
nan,nan,2.006000000000000000e+03,3.690738727995361614e+02,2.006000000000000000e+03,3.931898875391369756e+02,nan,nan,nan,nan,nan,nan,nan,nan,nan,nan,nan,nan,nan,nan,nan,nan,nan,nan,nan,nan,nan,nan,nan,nan
nan,nan,2.007000000000000000e+03,3.709084643056771142e+02,2.007000000000000000e+03,3.956278549294223694e+02,nan,nan,nan,nan,nan,nan,nan,nan,nan,nan,nan,nan,nan,nan,nan,nan,nan,nan,nan,nan,nan,nan,nan,nan
nan,nan,2.008000000000000000e+03,3.727969628127972896e+02,2.008000000000000000e+03,3.981064132466953538e+02,nan,nan,nan,nan,nan,nan,nan,nan,nan,nan,nan,nan,nan,nan,nan,nan,nan,nan,nan,nan,nan,nan,nan,nan
nan,nan,2.009000000000000000e+03,3.746069428125953209e+02,2.009000000000000000e+03,4.004967639211428150e+02,nan,nan,nan,nan,nan,nan,nan,nan,nan,nan,nan,nan,nan,nan,nan,nan,nan,nan,nan,nan,nan,nan,nan,nan
nan,nan,2.010000000000000000e+03,3.763937682671722200e+02,2.010000000000000000e+03,4.028607000218212306e+02,nan,nan,nan,nan,nan,nan,nan,nan,nan,nan,nan,nan,nan,nan,nan,nan,nan,nan,nan,nan,nan,nan,nan,nan
nan,nan,2.011000000000000000e+03,3.783521603296078979e+02,2.011000000000000000e+03,4.054526825686635902e+02,nan,nan,nan,nan,nan,nan,nan,nan,nan,nan,nan,nan,nan,nan,nan,nan,nan,nan,nan,nan,nan,nan,nan,nan
nan,nan,2.012000000000000000e+03,3.804406674394101060e+02,2.012000000000000000e+03,4.080355179768340008e+02,nan,nan,nan,nan,nan,nan,nan,nan,nan,nan,nan,nan,nan,nan,nan,nan,nan,nan,nan,nan,nan,nan,nan,nan
nan,nan,2.013000000000000000e+03,3.825970955047839652e+02,2.013000000000000000e+03,4.106521418345740813e+02,nan,nan,nan,nan,nan,nan,nan,nan,nan,nan,nan,nan,nan,nan,nan,nan,nan,nan,nan,nan,nan,nan,nan,nan
nan,nan,2.014000000000000000e+03,3.848099266723992287e+02,2.014000000000000000e+03,4.133536831993953342e+02,nan,nan,nan,nan,nan,nan,nan,nan,nan,nan,nan,nan,nan,nan,nan,nan,nan,nan,nan,nan,nan,nan,nan,nan
nan,nan,2.015000000000000000e+03,3.870990258914438300e+02,2.015000000000000000e+03,4.161417342169759763e+02,nan,nan,nan,nan,nan,nan,nan,nan,nan,nan,nan,nan,nan,nan,nan,nan,nan,nan,nan,nan,nan,nan,nan,nan
nan,nan,2.016000000000000000e+03,3.893271975822933655e+02,2.016000000000000000e+03,4.189544692790001932e+02,nan,nan,nan,nan,nan,nan,nan,nan,nan,nan,nan,nan,nan,nan,nan,nan,nan,nan,nan,nan,nan,nan,nan,nan
nan,nan,2.017000000000000000e+03,3.915400409917274374e+02,2.017000000000000000e+03,4.217149989889310859e+02,nan,nan,nan,nan,nan,nan,nan,nan,nan,nan,nan,nan,nan,nan,nan,nan,nan,nan,nan,nan,nan,nan,nan,nan
nan,nan,2.018000000000000000e+03,3.938453543168345732e+02,2.018000000000000000e+03,4.244929664754715759e+02,nan,nan,nan,nan,nan,nan,nan,nan,nan,nan,nan,nan,nan,nan,nan,nan,nan,nan,nan,nan,nan,nan,nan,nan
nan,nan,2.019000000000000000e+03,3.963028832034093512e+02,2.019000000000000000e+03,4.273102357932930886e+02,nan,nan,nan,nan,nan,nan,nan,nan,nan,nan,nan,nan,nan,nan,nan,nan,nan,nan,nan,nan,nan,nan,nan,nan
nan,nan,2.020000000000000000e+03,3.987605360143115263e+02,2.020000000000000000e+03,4.300993472650486069e+02,nan,nan,nan,nan,nan,nan,nan,nan,nan,nan,nan,nan,nan,nan,nan,nan,nan,nan,nan,nan,nan,nan,nan,nan
nan,nan,2.021000000000000000e+03,4.012467580050090987e+02,2.021000000000000000e+03,4.328524768519239956e+02,nan,nan,nan,nan,nan,nan,nan,nan,nan,nan,nan,nan,nan,nan,nan,nan,nan,nan,nan,nan,nan,nan,nan,nan
nan,nan,2.022000000000000000e+03,4.036790868455865962e+02,2.022000000000000000e+03,4.356089885209434556e+02,nan,nan,nan,nan,nan,nan,nan,nan,nan,nan,nan,nan,nan,nan,nan,nan,nan,nan,nan,nan,nan,nan,nan,nan
nan,nan,2.023000000000000000e+03,4.060890323334777463e+02,2.023000000000000000e+03,4.382297366498760880e+02,nan,nan,nan,nan,nan,nan,nan,nan,nan,nan,nan,nan,nan,nan,nan,nan,nan,nan,nan,nan,nan,nan,nan,nan
nan,nan,2.024000000000000000e+03,4.084735255695087517e+02,2.024000000000000000e+03,4.408492272089382027e+02,nan,nan,nan,nan,nan,nan,nan,nan,nan,nan,nan,nan,nan,nan,nan,nan,nan,nan,nan,nan,nan,nan,nan,nan
nan,nan,2.025000000000000000e+03,4.108286586102641422e+02,2.025000000000000000e+03,4.434322535690338896e+02,nan,nan,nan,nan,nan,nan,nan,nan,nan,nan,nan,nan,nan,nan,nan,nan,nan,nan,nan,nan,nan,nan,nan,nan
nan,nan,2.026000000000000000e+03,4.131622966063973763e+02,2.026000000000000000e+03,4.459121868434580733e+02,nan,nan,nan,nan,nan,nan,nan,nan,nan,nan,nan,nan,nan,nan,nan,nan,nan,nan,nan,nan,nan,nan,nan,nan
nan,nan,2.027000000000000000e+03,4.154269092417747515e+02,2.027000000000000000e+03,4.484707915876017523e+02,nan,nan,nan,nan,nan,nan,nan,nan,nan,nan,nan,nan,nan,nan,nan,nan,nan,nan,nan,nan,nan,nan,nan,nan
nan,nan,2.028000000000000000e+03,4.176550808925981073e+02,2.028000000000000000e+03,4.508392031689051578e+02,nan,nan,nan,nan,nan,nan,nan,nan,nan,nan,nan,nan,nan,nan,nan,nan,nan,nan,nan,nan,nan,nan,nan,nan
nan,nan,2.029000000000000000e+03,4.198388161109806447e+02,2.029000000000000000e+03,4.531704565758520289e+02,nan,nan,nan,nan,nan,nan,nan,nan,nan,nan,nan,nan,nan,nan,nan,nan,nan,nan,nan,nan,nan,nan,nan,nan
nan,nan,2.030000000000000000e+03,4.215054125613435758e+02,2.030000000000000000e+03,4.554481948056410943e+02,nan,nan,nan,nan,nan,nan,nan,nan,nan,nan,nan,nan,nan,nan,nan,nan,nan,nan,nan,nan,nan,nan,nan,nan
nan,nan,2.031000000000000000e+03,4.234136718686676204e+02,2.031000000000000000e+03,4.576763551694375565e+02,nan,nan,nan,nan,nan,nan,nan,nan,nan,nan,nan,nan,nan,nan,nan,nan,nan,nan,nan,nan,nan,nan,nan,nan
nan,nan,2.032000000000000000e+03,4.253525891934352785e+02,2.032000000000000000e+03,4.598459632098083034e+02,nan,nan,nan,nan,nan,nan,nan,nan,nan,nan,nan,nan,nan,nan,nan,nan,nan,nan,nan,nan,nan,nan,nan,nan
nan,nan,2.033000000000000000e+03,4.266158546249996562e+02,2.033000000000000000e+03,4.618972925829773430e+02,nan,nan,nan,nan,nan,nan,nan,nan,nan,nan,nan,nan,nan,nan,nan,nan,nan,nan,nan,nan,nan,nan,nan,nan
nan,nan,2.034000000000000000e+03,4.279066867987148157e+02,2.034000000000000000e+03,4.638939462159554523e+02,nan,nan,nan,nan,nan,nan,nan,nan,nan,nan,nan,nan,nan,nan,nan,nan,nan,nan,nan,nan,nan,nan,nan,nan
nan,nan,2.035000000000000000e+03,4.297249821250590571e+02,2.035000000000000000e+03,4.657829546889696530e+02,nan,nan,nan,nan,nan,nan,nan,nan,nan,nan,nan,nan,nan,nan,nan,nan,nan,nan,nan,nan,nan,nan,nan,nan
nan,nan,2.036000000000000000e+03,4.309907472928414336e+02,2.036000000000000000e+03,4.676145981977824704e+02,nan,nan,nan,nan,nan,nan,nan,nan,nan,nan,nan,nan,nan,nan,nan,nan,nan,nan,nan,nan,nan,nan,nan,nan
nan,nan,2.037000000000000000e+03,4.321524389006310116e+02,2.037000000000000000e+03,4.694419598826057722e+02,nan,nan,nan,nan,nan,nan,nan,nan,nan,nan,nan,nan,nan,nan,nan,nan,nan,nan,nan,nan,nan,nan,nan,nan
nan,nan,2.038000000000000000e+03,4.332968504029576025e+02,2.038000000000000000e+03,4.711294431271922463e+02,nan,nan,nan,nan,nan,nan,nan,nan,nan,nan,nan,nan,nan,nan,nan,nan,nan,nan,nan,nan,nan,nan,nan,nan
nan,nan,2.039000000000000000e+03,4.342363643922612937e+02,2.039000000000000000e+03,4.728700049656039823e+02,nan,nan,nan,nan,nan,nan,nan,nan,nan,nan,nan,nan,nan,nan,nan,nan,nan,nan,nan,nan,nan,nan,nan,nan
nan,nan,2.040000000000000000e+03,4.352854948507467725e+02,2.040000000000000000e+03,4.745353641235710711e+02,nan,nan,nan,nan,nan,nan,nan,nan,nan,nan,nan,nan,nan,nan,nan,nan,nan,nan,nan,nan,nan,nan,nan,nan
nan,nan,2.041000000000000000e+03,4.361759666530348909e+02,2.041000000000000000e+03,4.761649794573374948e+02,nan,nan,nan,nan,nan,nan,nan,nan,nan,nan,nan,nan,nan,nan,nan,nan,nan,nan,nan,nan,nan,nan,nan,nan
nan,nan,2.042000000000000000e+03,4.369440828199658426e+02,2.042000000000000000e+03,4.777980392847566691e+02,nan,nan,nan,nan,nan,nan,nan,nan,nan,nan,nan,nan,nan,nan,nan,nan,nan,nan,nan,nan,nan,nan,nan,nan
nan,nan,2.043000000000000000e+03,4.376181055923744907e+02,2.043000000000000000e+03,4.792053018968024958e+02,nan,nan,nan,nan,nan,nan,nan,nan,nan,nan,nan,nan,nan,nan,nan,nan,nan,nan,nan,nan,nan,nan,nan,nan
nan,nan,2.044000000000000000e+03,4.382348647349251678e+02,2.044000000000000000e+03,4.805605107952205799e+02,nan,nan,nan,nan,nan,nan,nan,nan,nan,nan,nan,nan,nan,nan,nan,nan,nan,nan,nan,nan,nan,nan,nan,nan
nan,nan,2.045000000000000000e+03,4.388064259976544008e+02,2.045000000000000000e+03,4.820992565184784553e+02,nan,nan,nan,nan,nan,nan,nan,nan,nan,nan,nan,nan,nan,nan,nan,nan,nan,nan,nan,nan,nan,nan,nan,nan
nan,nan,2.046000000000000000e+03,4.393023817797942456e+02,2.046000000000000000e+03,4.834842188845786382e+02,nan,nan,nan,nan,nan,nan,nan,nan,nan,nan,nan,nan,nan,nan,nan,nan,nan,nan,nan,nan,nan,nan,nan,nan
nan,nan,2.047000000000000000e+03,4.397538969739144363e+02,2.047000000000000000e+03,4.846390997897248667e+02,nan,nan,nan,nan,nan,nan,nan,nan,nan,nan,nan,nan,nan,nan,nan,nan,nan,nan,nan,nan,nan,nan,nan,nan
nan,nan,2.048000000000000000e+03,4.402490462385476349e+02,2.048000000000000000e+03,4.857616325092591296e+02,nan,nan,nan,nan,nan,nan,nan,nan,nan,nan,nan,nan,nan,nan,nan,nan,nan,nan,nan,nan,nan,nan,nan,nan
nan,nan,2.049000000000000000e+03,4.404970875081461941e+02,2.049000000000000000e+03,4.868038697000597494e+02,nan,nan,nan,nan,nan,nan,nan,nan,nan,nan,nan,nan,nan,nan,nan,nan,nan,nan,nan,nan,nan,nan,nan,nan
nan,nan,2.050000000000000000e+03,4.407959094378271629e+02,2.050000000000000000e+03,4.878453987855936589e+02,nan,nan,nan,nan,nan,nan,nan,nan,nan,nan,nan,nan,nan,nan,nan,nan,nan,nan,nan,nan,nan,nan,nan,nan
nan,nan,2.051000000000000000e+03,4.409673053695630074e+02,2.051000000000000000e+03,4.887171512895019987e+02,nan,nan,nan,nan,nan,nan,nan,nan,nan,nan,nan,nan,nan,nan,nan,nan,nan,nan,nan,nan,nan,nan,nan,nan
nan,nan,2.052000000000000000e+03,4.411198957320466434e+02,2.052000000000000000e+03,4.896462630356601835e+02,nan,nan,nan,nan,nan,nan,nan,nan,nan,nan,nan,nan,nan,nan,nan,nan,nan,nan,nan,nan,nan,nan,nan,nan
nan,nan,2.053000000000000000e+03,4.412407390965150285e+02,2.053000000000000000e+03,4.904900888150947367e+02,nan,nan,nan,nan,nan,nan,nan,nan,nan,nan,nan,nan,nan,nan,nan,nan,nan,nan,nan,nan,nan,nan,nan,nan
nan,nan,2.054000000000000000e+03,4.413867572788809071e+02,2.054000000000000000e+03,4.913107429204183063e+02,nan,nan,nan,nan,nan,nan,nan,nan,nan,nan,nan,nan,nan,nan,nan,nan,nan,nan,nan,nan,nan,nan,nan,nan
nan,nan,2.055000000000000000e+03,4.413867572788809071e+02,2.055000000000000000e+03,4.920679271959018592e+02,nan,nan,nan,nan,nan,nan,nan,nan,nan,nan,nan,nan,nan,nan,nan,nan,nan,nan,nan,nan,nan,nan,nan,nan
nan,nan,2.056000000000000000e+03,4.413865973588244742e+02,2.056000000000000000e+03,4.926315116043358557e+02,nan,nan,nan,nan,nan,nan,nan,nan,nan,nan,nan,nan,nan,nan,nan,nan,nan,nan,nan,nan,nan,nan,nan,nan
nan,nan,2.057000000000000000e+03,4.412659831258347367e+02,2.057000000000000000e+03,4.932212388793090554e+02,nan,nan,nan,nan,nan,nan,nan,nan,nan,nan,nan,nan,nan,nan,nan,nan,nan,nan,nan,nan,nan,nan,nan,nan
nan,nan,2.058000000000000000e+03,4.411388453625587545e+02,2.058000000000000000e+03,4.936763666491548861e+02,nan,nan,nan,nan,nan,nan,nan,nan,nan,nan,nan,nan,nan,nan,nan,nan,nan,nan,nan,nan,nan,nan,nan,nan
nan,nan,2.059000000000000000e+03,4.410685933920821640e+02,2.059000000000000000e+03,4.940733281706647517e+02,nan,nan,nan,nan,nan,nan,nan,nan,nan,nan,nan,nan,nan,nan,nan,nan,nan,nan,nan,nan,nan,nan,nan,nan
nan,nan,2.060000000000000000e+03,4.408209898576716910e+02,2.060000000000000000e+03,4.943832784767388944e+02,nan,nan,nan,nan,nan,nan,nan,nan,nan,nan,nan,nan,nan,nan,nan,nan,nan,nan,nan,nan,nan,nan,nan,nan
nan,nan,2.061000000000000000e+03,4.404966949803427383e+02,2.061000000000000000e+03,4.948575593128399532e+02,nan,nan,nan,nan,nan,nan,nan,nan,nan,nan,nan,nan,nan,nan,nan,nan,nan,nan,nan,nan,nan,nan,nan,nan
nan,nan,2.062000000000000000e+03,4.401723310504551705e+02,2.062000000000000000e+03,4.952258928979307484e+02,nan,nan,nan,nan,nan,nan,nan,nan,nan,nan,nan,nan,nan,nan,nan,nan,nan,nan,nan,nan,nan,nan,nan,nan
nan,nan,2.063000000000000000e+03,4.397976261998107930e+02,2.063000000000000000e+03,4.953642554518263523e+02,nan,nan,nan,nan,nan,nan,nan,nan,nan,nan,nan,nan,nan,nan,nan,nan,nan,nan,nan,nan,nan,nan,nan,nan
nan,nan,2.064000000000000000e+03,4.394033572560514358e+02,2.064000000000000000e+03,4.956727863377105336e+02,nan,nan,nan,nan,nan,nan,nan,nan,nan,nan,nan,nan,nan,nan,nan,nan,nan,nan,nan,nan,nan,nan,nan,nan
nan,nan,2.065000000000000000e+03,4.389836318115632139e+02,2.065000000000000000e+03,4.961543589993255523e+02,nan,nan,nan,nan,nan,nan,nan,nan,nan,nan,nan,nan,nan,nan,nan,nan,nan,nan,nan,nan,nan,nan,nan,nan
nan,nan,2.066000000000000000e+03,4.385329106703715638e+02,2.066000000000000000e+03,4.964648745016498879e+02,nan,nan,nan,nan,nan,nan,nan,nan,nan,nan,nan,nan,nan,nan,nan,nan,nan,nan,nan,nan,nan,nan,nan,nan
nan,nan,2.067000000000000000e+03,4.380623883317879290e+02,2.067000000000000000e+03,4.964889171128779708e+02,nan,nan,nan,nan,nan,nan,nan,nan,nan,nan,nan,nan,nan,nan,nan,nan,nan,nan,nan,nan,nan,nan,nan,nan
nan,nan,2.068000000000000000e+03,4.376169528671651392e+02,2.068000000000000000e+03,4.964889171128779708e+02,nan,nan,nan,nan,nan,nan,nan,nan,nan,nan,nan,nan,nan,nan,nan,nan,nan,nan,nan,nan,nan,nan,nan,nan
nan,nan,2.069000000000000000e+03,4.370963941579061043e+02,2.069000000000000000e+03,4.963816965133307804e+02,nan,nan,nan,nan,nan,nan,nan,nan,nan,nan,nan,nan,nan,nan,nan,nan,nan,nan,nan,nan,nan,nan,nan,nan
nan,nan,2.070000000000000000e+03,4.365495158369676574e+02,2.070000000000000000e+03,4.962092383763535963e+02,nan,nan,nan,nan,nan,nan,nan,nan,nan,nan,nan,nan,nan,nan,nan,nan,nan,nan,nan,nan,nan,nan,nan,nan
nan,nan,2.071000000000000000e+03,4.359781897623908549e+02,2.071000000000000000e+03,4.960151447409511434e+02,nan,nan,nan,nan,nan,nan,nan,nan,nan,nan,nan,nan,nan,nan,nan,nan,nan,nan,nan,nan,nan,nan,nan,nan
nan,nan,2.072000000000000000e+03,4.353801580433611207e+02,2.072000000000000000e+03,4.959849465063636558e+02,nan,nan,nan,nan,nan,nan,nan,nan,nan,nan,nan,nan,nan,nan,nan,nan,nan,nan,nan,nan,nan,nan,nan,nan
nan,nan,2.073000000000000000e+03,4.347124498199515301e+02,2.073000000000000000e+03,4.957343549868722334e+02,nan,nan,nan,nan,nan,nan,nan,nan,nan,nan,nan,nan,nan,nan,nan,nan,nan,nan,nan,nan,nan,nan,nan,nan
nan,nan,2.074000000000000000e+03,4.340141532426479216e+02,2.074000000000000000e+03,4.953396447865916343e+02,nan,nan,nan,nan,nan,nan,nan,nan,nan,nan,nan,nan,nan,nan,nan,nan,nan,nan,nan,nan,nan,nan,nan,nan
nan,nan,2.075000000000000000e+03,4.332701117225848293e+02,2.075000000000000000e+03,4.948932598284000051e+02,nan,nan,nan,nan,nan,nan,nan,nan,nan,nan,nan,nan,nan,nan,nan,nan,nan,nan,nan,nan,nan,nan,nan,nan
nan,nan,2.076000000000000000e+03,4.324243497522382995e+02,2.076000000000000000e+03,4.943320241741531618e+02,nan,nan,nan,nan,nan,nan,nan,nan,nan,nan,nan,nan,nan,nan,nan,nan,nan,nan,nan,nan,nan,nan,nan,nan
nan,nan,2.077000000000000000e+03,4.315352336013610284e+02,2.077000000000000000e+03,4.937706345205099865e+02,nan,nan,nan,nan,nan,nan,nan,nan,nan,nan,nan,nan,nan,nan,nan,nan,nan,nan,nan,nan,nan,nan,nan,nan
nan,nan,2.078000000000000000e+03,4.306131301541529979e+02,2.078000000000000000e+03,4.931513390003498785e+02,nan,nan,nan,nan,nan,nan,nan,nan,nan,nan,nan,nan,nan,nan,nan,nan,nan,nan,nan,nan,nan,nan,nan,nan
nan,nan,2.079000000000000000e+03,4.295957368910998753e+02,2.079000000000000000e+03,4.924743579263171682e+02,nan,nan,nan,nan,nan,nan,nan,nan,nan,nan,nan,nan,nan,nan,nan,nan,nan,nan,nan,nan,nan,nan,nan,nan
nan,nan,2.080000000000000000e+03,4.285800456748245892e+02,2.080000000000000000e+03,4.916837473741329632e+02,nan,nan,nan,nan,nan,nan,nan,nan,nan,nan,nan,nan,nan,nan,nan,nan,nan,nan,nan,nan,nan,nan,nan,nan
nan,nan,2.081000000000000000e+03,4.275626308013747234e+02,2.081000000000000000e+03,4.907909612169015077e+02,nan,nan,nan,nan,nan,nan,nan,nan,nan,nan,nan,nan,nan,nan,nan,nan,nan,nan,nan,nan,nan,nan,nan,nan
nan,nan,2.082000000000000000e+03,4.265193209875782259e+02,2.082000000000000000e+03,4.900258326873035912e+02,nan,nan,nan,nan,nan,nan,nan,nan,nan,nan,nan,nan,nan,nan,nan,nan,nan,nan,nan,nan,nan,nan,nan,nan
nan,nan,2.083000000000000000e+03,4.254510593655813295e+02,2.083000000000000000e+03,4.890113383843709016e+02,nan,nan,nan,nan,nan,nan,nan,nan,nan,nan,nan,nan,nan,nan,nan,nan,nan,nan,nan,nan,nan,nan,nan,nan
nan,nan,2.084000000000000000e+03,4.243845575321028605e+02,2.084000000000000000e+03,4.882830389469631882e+02,nan,nan,nan,nan,nan,nan,nan,nan,nan,nan,nan,nan,nan,nan,nan,nan,nan,nan,nan,nan,nan,nan,nan,nan
nan,nan,2.085000000000000000e+03,4.232907098269267863e+02,2.085000000000000000e+03,4.873834660719791145e+02,nan,nan,nan,nan,nan,nan,nan,nan,nan,nan,nan,nan,nan,nan,nan,nan,nan,nan,nan,nan,nan,nan,nan,nan
nan,nan,2.086000000000000000e+03,4.220968281878193125e+02,2.086000000000000000e+03,4.864838036729472037e+02,nan,nan,nan,nan,nan,nan,nan,nan,nan,nan,nan,nan,nan,nan,nan,nan,nan,nan,nan,nan,nan,nan,nan,nan
nan,nan,2.087000000000000000e+03,4.209808722864227661e+02,2.087000000000000000e+03,4.855544065307271921e+02,nan,nan,nan,nan,nan,nan,nan,nan,nan,nan,nan,nan,nan,nan,nan,nan,nan,nan,nan,nan,nan,nan,nan,nan
nan,nan,2.088000000000000000e+03,4.198647845351381989e+02,2.088000000000000000e+03,4.845675286667098476e+02,nan,nan,nan,nan,nan,nan,nan,nan,nan,nan,nan,nan,nan,nan,nan,nan,nan,nan,nan,nan,nan,nan,nan,nan
nan,nan,2.089000000000000000e+03,4.186713633578386862e+02,2.089000000000000000e+03,4.835604600519590122e+02,nan,nan,nan,nan,nan,nan,nan,nan,nan,nan,nan,nan,nan,nan,nan,nan,nan,nan,nan,nan,nan,nan,nan,nan
nan,nan,2.090000000000000000e+03,4.175076841755547434e+02,2.090000000000000000e+03,4.824872090470955754e+02,nan,nan,nan,nan,nan,nan,nan,nan,nan,nan,nan,nan,nan,nan,nan,nan,nan,nan,nan,nan,nan,nan,nan,nan
nan,nan,2.091000000000000000e+03,4.163118085870036680e+02,2.091000000000000000e+03,4.812483380949431080e+02,nan,nan,nan,nan,nan,nan,nan,nan,nan,nan,nan,nan,nan,nan,nan,nan,nan,nan,nan,nan,nan,nan,nan,nan
nan,nan,2.092000000000000000e+03,4.151500485603856418e+02,2.092000000000000000e+03,4.800109160367469485e+02,nan,nan,nan,nan,nan,nan,nan,nan,nan,nan,nan,nan,nan,nan,nan,nan,nan,nan,nan,nan,nan,nan,nan,nan
nan,nan,2.093000000000000000e+03,4.139036514556646011e+02,2.093000000000000000e+03,4.789431800437673132e+02,nan,nan,nan,nan,nan,nan,nan,nan,nan,nan,nan,nan,nan,nan,nan,nan,nan,nan,nan,nan,nan,nan,nan,nan
nan,nan,2.094000000000000000e+03,4.125876647818128617e+02,2.094000000000000000e+03,4.779840364550760228e+02,nan,nan,nan,nan,nan,nan,nan,nan,nan,nan,nan,nan,nan,nan,nan,nan,nan,nan,nan,nan,nan,nan,nan,nan
nan,nan,2.095000000000000000e+03,4.114255239255202810e+02,2.095000000000000000e+03,4.770267962024305461e+02,nan,nan,nan,nan,nan,nan,nan,nan,nan,nan,nan,nan,nan,nan,nan,nan,nan,nan,nan,nan,nan,nan,nan,nan
nan,nan,2.096000000000000000e+03,4.103065393483120715e+02,2.096000000000000000e+03,4.760433145334884557e+02,nan,nan,nan,nan,nan,nan,nan,nan,nan,nan,nan,nan,nan,nan,nan,nan,nan,nan,nan,nan,nan,nan,nan,nan
nan,nan,2.097000000000000000e+03,4.092891846923726007e+02,2.097000000000000000e+03,4.750596543923276158e+02,nan,nan,nan,nan,nan,nan,nan,nan,nan,nan,nan,nan,nan,nan,nan,nan,nan,nan,nan,nan,nan,nan,nan,nan
nan,nan,2.098000000000000000e+03,4.082925620955393242e+02,2.098000000000000000e+03,4.741312811459911245e+02,nan,nan,nan,nan,nan,nan,nan,nan,nan,nan,nan,nan,nan,nan,nan,nan,nan,nan,nan,nan,nan,nan,nan,nan
nan,nan,2.099000000000000000e+03,4.073261014896376082e+02,2.099000000000000000e+03,4.732016789886167203e+02,nan,nan,nan,nan,nan,nan,nan,nan,nan,nan,nan,nan,nan,nan,nan,nan,nan,nan,nan,nan,nan,nan,nan,nan
